,source,target,weight
0,92,673,1
1,92,257,3
2,92,649,1
3,92,436,1
4,92,1510,1
5,1490,1240,1
6,231,419,6
7,1158,1740,1
8,1158,477,1
9,1158,351,1
10,1158,177,1
11,1158,1837,1
12,1158,1227,1
13,1158,907,1
14,1158,1849,1
15,1158,521,1
16,1158,679,1
17,1158,621,1
18,1158,1867,1
19,1158,1663,1
20,1158,145,1
21,1158,373,1
22,1158,104,1
23,1158,1004,1
24,1158,52,1
25,1158,1269,1
26,1158,1816,1
27,1672,1273,1
28,1307,1546,1
29,1745,1581,1
30,188,1708,1
31,1827,1624,1
32,1827,97,3
33,1827,918,31
34,1827,389,1
35,1827,1459,5
36,1827,380,2
37,1827,637,2
38,1827,1162,40
39,1827,1640,1
40,1827,1546,4
41,1827,1708,7
42,1827,37,1
43,1827,323,2
44,1827,1468,12
45,1827,1409,4
46,1827,1861,7
47,1827,500,1
48,1827,190,4
49,1827,783,1
50,1827,1838,2
51,1827,475,2
52,1827,799,2
53,1827,1766,23
54,1827,1557,1
55,1827,389,1
56,1827,19,1
57,1827,1703,22
58,1827,1643,1
59,1827,20,1
60,1827,1742,52
61,1827,113,1
62,1827,1224,4
63,1827,1182,1
64,1827,203,2
65,263,1742,10
66,1858,1108,2
67,1858,1057,5
68,985,1576,1
69,1442,1742,1
70,1578,1742,1
71,1730,1191,1
72,86,1463,1
73,86,1108,3
74,86,374,1
75,86,1276,3
76,86,1057,17
77,86,669,1
78,86,1855,3
79,86,1861,1
80,86,1331,2
81,86,1195,2
82,86,1761,1
83,854,380,1
84,356,676,1
85,356,1546,4
86,356,1708,1
87,356,475,2
88,483,228,5
89,483,54,5
90,1380,951,1
91,1380,996,1
92,1413,1072,1
93,1413,419,2
94,1384,1162,2
95,1384,1742,13
96,378,1546,1
97,557,1546,1
98,332,1840,1
99,332,1641,5
100,332,1072,2
101,332,822,3
102,332,304,5
103,332,735,2
104,332,1433,7
105,332,649,1
106,332,1103,3
107,332,419,32
108,332,1423,1
109,332,1850,5
110,332,799,1
111,332,442,4
112,332,1181,2
113,332,535,1
114,332,1208,1
115,1635,257,2
116,1635,1510,2
117,1228,379,22
118,1228,824,22
119,1228,1469,22
120,1228,227,22
121,1228,1071,22
122,1228,531,22
123,1228,419,66
124,1228,1191,5
125,1228,987,22
126,1228,331,22
127,1228,660,49
128,1488,1546,1
129,1624,918,6
130,1624,143,1
131,1624,1459,1
132,1624,1374,2
133,1624,1162,10
134,1624,1540,4
135,1624,497,1
136,1624,1796,2
137,1624,323,1
138,1624,1629,3
139,1624,1468,9
140,1624,1506,2
141,1624,1157,1
142,1624,190,4
143,1624,664,1
144,1624,1742,18
145,1624,1627,1
146,1624,1224,2
147,1027,419,2
148,1457,257,2
149,288,1162,2
150,288,1561,2
151,288,1742,6
152,1715,1546,4
153,1715,419,2
154,1503,1581,2
155,1001,1191,2
156,1284,912,1
157,765,384,2
158,603,228,1
159,1668,822,7
160,1534,1072,5
161,1534,1816,1
162,1641,918,2
163,1641,678,1
164,1641,1162,5
165,1641,497,1
166,1641,1255,11
167,1641,822,1
168,1641,304,6
169,1641,1469,2
170,1641,1796,1
171,1641,1388,1
172,1641,323,3
173,1641,1034,1
174,1641,649,3
175,1641,190,4
176,1641,783,3
177,1641,419,9
178,1641,1850,5
179,1641,1890,2
180,1641,408,2
181,1641,381,2
182,1641,144,3
183,1641,1742,36
184,1641,734,17
185,1641,79,3
186,1641,1182,2
187,1641,319,1
188,1754,1273,4
189,882,1742,1
190,676,356,1
191,676,471,1
192,676,587,2
193,676,354,1
194,676,1546,75
195,676,1138,1
196,676,1191,6
197,676,527,1
198,676,790,3
199,676,1854,1
200,676,667,2
201,676,1691,1
202,676,1181,2
203,676,660,1
204,640,1576,1
205,307,1072,1
206,1599,419,1
207,379,1546,3
208,1697,822,1
209,1233,228,1
210,1233,1546,2
211,1583,270,1
212,1583,1191,1
213,721,1540,1
214,721,1518,1
215,721,577,1
216,1771,1546,1
217,455,1742,2
218,5,1072,22
219,279,279,28
220,279,1742,1
221,1077,257,18
222,1698,1072,1
223,1039,261,1
224,1039,1191,1
225,1020,1072,1
226,902,1546,2
227,93,1581,6
228,875,1546,1
229,929,1827,2
230,929,1624,2
231,929,97,2
232,929,918,4
233,929,1662,4
234,929,1746,2
235,929,389,2
236,929,762,2
237,929,417,2
238,929,637,2
239,929,1162,2
240,929,822,5
241,929,146,2
242,929,1786,2
243,929,752,2
244,929,1546,2
245,929,1708,2
246,929,831,2
247,929,1321,2
248,929,795,2
249,929,1034,2
250,929,1468,2
251,929,429,2
252,929,797,2
253,929,1397,2
254,929,423,2
255,929,431,3
256,929,1850,2
257,929,1547,2
258,929,990,2
259,929,389,2
260,929,517,4
261,929,381,1
262,929,1146,2
263,929,515,2
264,929,1742,2
265,929,113,2
266,929,533,4
267,929,1182,2
268,929,1410,2
269,929,1869,2
270,440,228,1
271,466,1546,1
272,918,1827,53
273,918,1858,2
274,918,1624,9
275,918,1064,3
276,918,61,1
277,918,1641,2
278,918,929,3
279,918,678,1
280,918,246,1
281,918,1662,5
282,918,1746,2
283,918,1808,1
284,918,380,15
285,918,1463,1
286,918,1343,1
287,918,637,7
288,918,1162,137
289,918,1025,1
290,918,544,28
291,918,759,1
292,918,1108,7
293,918,1469,12
294,918,374,1
295,918,1519,1
296,918,1518,1
297,918,742,1
298,918,1677,1
299,918,1388,13
300,918,752,6
301,918,498,17
302,918,1173,16
303,918,1546,2
304,918,1708,5
305,918,1723,1
306,918,1205,3
307,918,1874,2
308,918,1468,19
309,918,156,2
310,918,1057,92
311,918,1105,3
312,918,239,2
313,918,84,2
314,918,1409,16
315,918,1713,2
316,918,669,2
317,918,1855,1
318,918,1861,69
319,918,730,1
320,918,1265,5
321,918,1397,2
322,918,423,2
323,918,1613,1
324,918,783,15
325,918,1838,30
326,918,1211,10
327,918,1814,2
328,918,475,13
329,918,431,2
330,918,784,3
331,918,45,7
332,918,1850,5
333,918,1766,60
334,918,1331,23
335,918,1770,1
336,918,398,8
337,918,774,3
338,918,1550,2
339,918,445,2
340,918,794,1
341,918,990,2
342,918,830,2
343,918,11,1
344,918,583,3
345,918,19,24
346,918,1703,8
347,918,140,1
348,918,381,3
349,918,1643,2
350,918,144,2
351,918,1357,1
352,918,1742,187
353,918,32,6
354,918,1224,4
355,918,1355,2
356,918,165,2
357,918,269,1
358,918,22,2
359,918,1182,33
360,918,203,18
361,918,996,5
362,918,1761,14
363,918,1653,1
364,586,1331,4
365,586,1742,1
366,238,228,5
367,238,822,1
368,248,1273,1
369,1045,1581,2
370,1458,419,6
371,53,1162,3
372,53,1742,9
373,1019,1072,2
374,1019,1816,3
375,532,257,1
376,1781,1744,2
377,1781,1191,5
378,859,1191,1
379,1507,1507,25
380,678,1641,1
381,678,1742,2
382,1014,822,1
383,1014,1744,1
384,838,228,5
385,1084,1749,1
386,706,822,1
387,706,916,1
388,706,1570,1
389,706,347,1
390,459,419,2
391,814,1742,2
392,246,498,1
393,246,1861,2
394,246,1361,1
395,946,1546,1
396,1251,1742,2
397,1434,912,1
398,1690,1546,1
399,869,1742,1
400,1821,419,7
401,1821,1742,16
402,1821,1816,7
403,673,673,1
404,122,1072,22
405,1511,1576,1
406,716,419,1
407,1662,1641,3
408,1662,918,6
409,1662,389,4
410,1662,380,1
411,1662,1693,1
412,1662,1162,3
413,1662,544,2
414,1662,1469,4
415,1662,1640,1
416,1662,1433,2
417,1662,752,3
418,1662,29,2
419,1662,282,2
420,1662,1090,4
421,1662,1468,1
422,1662,429,2
423,1662,730,1
424,1662,190,2
425,1662,1397,1
426,1662,783,1
427,1662,475,1
428,1662,431,4
429,1662,419,2
430,1662,12,1
431,1662,1850,1
432,1662,1547,1
433,1662,1331,2
434,1662,445,1
435,1662,389,4
436,1662,11,1
437,1662,381,3
438,1662,1643,4
439,1662,585,1
440,1662,1742,14
441,1662,335,2
442,1662,1605,1
443,1671,1703,1
444,1222,1581,2
445,1670,1072,22
446,1407,419,5
447,1407,1785,2
448,1056,1546,1
449,252,252,11
450,252,1108,1
451,252,862,1
452,252,1057,13
453,252,783,2
454,252,1331,2
455,252,564,1
456,252,1742,2
457,100,822,1
458,224,1273,1
459,606,228,2
460,587,822,1
461,587,1433,5
462,587,1546,12
463,587,649,2
464,587,638,3
465,587,1744,4
466,587,419,15
467,587,1191,11
468,587,1181,2
469,587,660,4
470,587,1749,2
471,1733,1546,1
472,1204,1191,5
473,1746,1641,4
474,1746,379,4
475,1746,918,4
476,1746,1662,4
477,1746,1746,4
478,1746,389,4
479,1746,1551,5
480,1746,304,4
481,1746,1469,8
482,1746,752,4
483,1746,1546,7
484,1746,282,4
485,1746,1090,4
486,1746,1468,4
487,1746,239,2
488,1746,730,4
489,1746,190,4
490,1746,783,8
491,1746,1838,4
492,1746,431,4
493,1746,419,2
494,1746,1850,5
495,1746,389,4
496,1746,381,4
497,1746,1643,2
498,1746,1742,10
499,1746,22,4
500,1493,912,1
501,143,1624,7
502,143,1671,2
503,143,428,2
504,143,323,1
505,143,1468,1
506,143,731,3
507,143,190,1
508,143,87,1
509,143,405,2
510,143,1742,6
511,1873,1273,1
512,1873,1546,4
513,1621,419,1
514,1808,1064,17
515,1808,1808,1
516,1808,865,8
517,1808,1409,5
518,1808,1861,2
519,1808,203,3
520,788,1191,2
521,1130,912,1
522,1450,419,1
523,251,228,1
524,960,822,1
525,1129,1273,19
526,754,258,1
527,1466,1072,1
528,1097,419,1
529,230,1098,4
530,230,235,1
531,230,1546,5
532,230,72,1
533,230,1285,1
534,230,1890,1
535,230,432,2
536,230,1773,3
537,758,1546,1
538,1320,1742,1
539,389,1641,2
540,389,1662,4
541,389,632,1
542,389,1162,1
543,389,1469,1
544,389,752,2
545,389,1708,1
546,389,1090,1
547,389,730,1
548,389,783,2
549,389,431,1
550,389,1850,2
551,389,381,1
552,389,585,1
553,389,144,1
554,389,1742,3
555,389,1182,2
556,291,1576,6
557,149,1641,1
558,149,1581,3
559,1249,1273,1
560,1249,1546,6
561,1249,419,2
562,1059,1191,1
563,1155,228,1
564,1891,419,3
565,241,648,1
566,213,1072,22
567,1341,1072,5
568,1013,1879,1
569,1013,822,1
570,1013,548,1
571,1013,59,1
572,674,1641,3
573,674,379,3
574,674,975,3
575,674,304,3
576,674,1469,1
577,674,1546,4
578,674,419,3
579,674,1191,5
580,674,1850,3
581,674,1773,3
582,1098,1546,1
583,1098,72,1
584,1098,432,1
585,762,1057,1
586,485,1762,1
587,568,1546,1
588,1559,419,1
589,469,228,1
590,801,1546,4
591,1401,1581,7
592,1459,740,1
593,1459,1827,7
594,1459,1624,4
595,1459,918,1
596,1459,637,1
597,1459,1162,1
598,1459,1546,12
599,1459,1708,6
600,1459,323,1
601,1459,1468,9
602,1459,190,3
603,1459,475,3
604,1459,419,3
605,1459,799,5
606,1459,1703,4
607,1459,1742,7
608,1459,1224,1
609,1459,387,1
610,1459,996,1
611,1422,1144,1
612,1862,1,23
613,1853,1162,1
614,1853,1675,1
615,1853,4,1
616,820,1816,3
617,506,228,1
618,1633,884,1
619,1016,1546,1
620,1884,1546,1
621,1036,419,1
622,1778,174,1
623,1778,262,1
624,1778,1581,9
625,1381,1742,2
626,1381,1581,1
627,380,1827,29
628,380,854,2
629,380,1624,3
630,380,918,43
631,380,1662,1
632,380,1162,41
633,380,1677,2
634,380,752,4
635,380,590,1
636,380,1286,1
637,380,1468,5
638,380,1057,26
639,380,1409,3
640,380,1861,1
641,380,783,3
642,380,1838,9
643,380,475,6
644,380,431,1
645,380,1616,3
646,380,1766,17
647,380,1331,6
648,380,398,1
649,380,19,19
650,380,1703,2
651,380,572,1
652,380,1742,57
653,380,1182,5
654,380,203,1
655,164,638,2
656,1828,1072,2
657,707,1072,23
658,370,419,2
659,1081,1273,1
660,1463,1858,1
661,1463,86,1
662,1463,918,12
663,1463,380,1
664,1463,1463,7
665,1463,1343,1
666,1463,313,1
667,1463,23,5
668,1463,1727,3
669,1463,1724,1
670,1463,90,3
671,1463,611,2
672,1463,1162,6
673,1463,43,3
674,1463,544,10
675,1463,1108,31
676,1463,374,7
677,1463,1388,7
678,1463,1276,10
679,1463,683,1
680,1463,1057,163
681,1463,1105,6
682,1463,1409,6
683,1463,1713,1
684,1463,669,3
685,1463,1855,1
686,1463,1861,25
687,1463,1265,4
688,1463,783,13
689,1463,1838,1
690,1463,475,4
691,1463,1766,1
692,1463,1331,24
693,1463,564,1
694,1463,1742,6
695,1463,32,10
696,1463,1182,5
697,1463,203,5
698,1463,1145,1
699,1463,1761,7
700,1523,1162,2
701,1523,1742,2
702,1839,1178,1
703,1411,1162,2
704,1411,1742,2
705,346,822,3
706,1601,1072,1
707,1601,208,1
708,1601,849,1
709,1601,190,1
710,1601,63,1
711,1601,780,1
712,1175,1546,1
713,725,1742,1
714,725,1581,1
715,448,1546,1
716,1343,918,3
717,1343,544,1
718,1343,862,4
719,1343,1057,39
720,1343,1713,4
721,1343,584,2
722,1343,32,1
723,313,1057,18
724,313,1838,1
725,313,1742,2
726,1176,822,2
727,1176,1744,1
728,1176,1191,3
729,1870,1742,1
730,1693,1122,1
731,1693,1090,1
732,1693,1742,1
733,1597,1742,1
734,1062,674,3
735,1062,975,3
736,1062,1433,3
737,1062,1191,3
738,1062,1289,3
739,1062,1742,3
740,1062,660,3
741,951,1380,1
742,951,467,1
743,951,1742,2
744,23,1064,1
745,23,918,1
746,23,246,1
747,23,1463,5
748,23,1162,9
749,23,544,2
750,23,1057,9
751,23,1861,5
752,23,1766,13
753,23,774,1
754,23,32,1
755,1242,475,2
756,1242,1581,2
757,1659,1581,1
758,513,1581,1
759,316,419,1
760,686,1581,20
761,284,1581,1
762,1267,1191,1
763,1372,419,3
764,441,885,1
765,441,1,1
766,441,1805,1
767,441,365,1
768,1072,231,4
769,1072,95,1
770,1072,1413,3
771,1072,332,13
772,1072,1027,1
773,1072,1881,1
774,1072,1641,7
775,1072,379,1
776,1072,289,1
777,1072,1020,1
778,1072,1458,1
779,1072,1652,1
780,1072,1481,2
781,1072,716,1
782,1072,1407,5
783,1072,587,3
784,1072,1538,1
785,1072,1621,18
786,1072,1097,1
787,1072,819,1
788,1072,1891,3
789,1072,1111,2
790,1072,370,2
791,1072,1441,2
792,1072,139,1
793,1072,1292,1
794,1072,257,3
795,1072,1166,1
796,1072,965,1
797,1072,1552,3
798,1072,528,1
799,1072,530,1
800,1072,1162,1
801,1072,342,4
802,1072,1178,2
803,1072,912,2
804,1072,822,15
805,1072,1537,1
806,1072,304,7
807,1072,1240,2
808,1072,1469,2
809,1072,146,3
810,1072,344,1
811,1072,1154,1
812,1072,1513,1
813,1072,1282,1
814,1072,434,1
815,1072,1834,1
816,1072,1426,3
817,1072,1433,1
818,1072,1748,3
819,1072,1300,1
820,1072,930,1
821,1072,17,1
822,1072,1037,1
823,1072,163,1
824,1072,123,1
825,1072,1546,23
826,1072,1106,2
827,1072,961,1
828,1072,1495,2
829,1072,425,1
830,1072,1533,1
831,1072,1237,2
832,1072,271,1
833,1072,1090,1
834,1072,1460,1
835,1072,196,5
836,1072,1795,1
837,1072,1803,1
838,1072,1566,4
839,1072,1553,1
840,1072,1483,1
841,1072,13,1
842,1072,1034,2
843,1072,1491,1
844,1072,1468,2
845,1072,258,3
846,1072,429,1
847,1072,1369,8
848,1072,1842,1
849,1072,649,12
850,1072,1820,2
851,1072,865,1
852,1072,858,1
853,1072,1777,1
854,1072,829,3
855,1072,1103,4
856,1072,956,2
857,1072,940,1
858,1072,638,16
859,1072,187,1
860,1072,873,1
861,1072,454,2
862,1072,1510,5
863,1072,167,1
864,1072,1500,2
865,1072,1701,2
866,1072,761,1
867,1072,68,1
868,1072,419,1
869,1072,1041,1
870,1072,1191,7
871,1072,769,1
872,1072,1277,1
873,1072,1850,4
874,1072,799,30
875,1072,1683,8
876,1072,314,1
877,1072,1819,1
878,1072,571,1
879,1072,893,1
880,1072,91,1
881,1072,166,4
882,1072,1171,2
883,1072,1689,2
884,1072,703,4
885,1072,1721,3
886,1072,910,3
887,1072,944,1
888,1072,1890,9
889,1072,1333,2
890,1072,470,1
891,1072,1126,1
892,1072,598,1
893,1072,1527,1
894,1072,987,1
895,1072,941,2
896,1072,1643,1
897,1072,861,2
898,1072,1657,1
899,1072,992,1
900,1072,1742,1
901,1072,54,2
902,1072,1181,22
903,1072,1651,3
904,1072,848,1
905,1072,1260,1
906,1072,660,7
907,1072,1832,1
908,1072,396,2
909,1072,577,3
910,1072,614,1
911,1072,1298,1
912,1072,775,1
913,1072,1785,2
914,1072,453,2
915,1072,1078,1
916,1072,1614,1
917,1072,743,2
918,1072,1185,2
919,1072,1226,1
920,1072,1749,6
921,1072,957,1
922,1072,1773,1
923,1113,1742,2
924,257,92,1
925,257,356,1
926,257,1635,1
927,257,975,2
928,257,825,4
929,257,1707,3
930,257,827,1
931,257,1546,10
932,257,227,7
933,257,153,1
934,257,384,1
935,257,1483,2
936,257,446,1
937,257,649,3
938,257,1720,1
939,257,436,1
940,257,31,1
941,257,1510,10
942,257,1089,1
943,257,1500,2
944,257,1121,1
945,257,419,12
946,257,136,1
947,257,799,1
948,257,1218,2
949,257,744,1
950,257,519,1
951,257,660,1
952,257,409,3
953,257,1067,3
954,1280,1072,10
955,1565,1557,2
956,1565,1742,1
957,1565,1581,5
958,1565,191,1
959,1822,1546,1
960,364,1191,2
961,589,912,1
962,1844,1546,3
963,340,1072,5
964,340,1581,7
965,1075,822,1
966,574,1744,2
967,574,1816,2
968,209,1072,76
969,1239,228,12
970,1239,419,10
971,1239,507,10
972,1239,1816,10
973,1402,257,1
974,158,507,1
975,578,822,2
976,1851,1331,1
977,1851,1742,4
978,551,774,1
979,551,203,2
980,1552,419,3
981,860,1581,2
982,630,1581,5
983,824,1387,1
984,824,1773,3
985,1254,1576,1
986,1254,1816,1
987,509,1742,16
988,528,394,2
989,528,419,5
990,528,799,4
991,1299,1072,3
992,637,1827,2
993,637,1624,1
994,637,918,3
995,637,1162,1
996,637,1708,2
997,637,1205,3
998,637,1468,1
999,637,784,2
1000,637,562,2
1001,637,1703,2
1002,637,1742,2
1003,428,1162,1
1004,428,1581,1
1005,523,1581,1
1006,1626,1778,1
1007,1626,1581,1
1008,611,611,8
1009,611,1388,1
1010,611,1057,16
1011,611,1105,1
1012,611,1653,1
1013,1241,228,1
1014,1596,912,1
1015,270,1191,8
1016,1569,1546,2
1017,1376,978,1
1018,1376,190,2
1019,1376,1703,2
1020,1376,1742,2
1021,1486,1581,1
1022,211,1072,1
1023,1386,451,1
1024,1386,1742,1
1025,74,1576,1
1026,1210,1072,10
1027,967,398,1
1028,1429,257,1
1029,1162,867,2
1030,1162,1827,32
1031,1162,1384,1
1032,1162,1624,13
1033,1162,288,2
1034,1162,1641,29
1035,1162,918,67
1036,1162,53,1
1037,1162,678,1
1038,1162,1662,3
1039,1162,143,1
1040,1162,389,2
1041,1162,1853,3
1042,1162,380,4
1043,1162,1463,3
1044,1162,1523,1
1045,1162,1411,1
1046,1162,23,2
1047,1162,1113,1
1048,1162,1727,1
1049,1162,1162,21
1050,1162,497,1
1051,1162,544,15
1052,1162,1149,3
1053,1162,304,2
1054,1162,1017,1
1055,1162,1469,6
1056,1162,539,1
1057,1162,546,1
1058,1162,1440,1
1059,1162,374,1
1060,1162,1518,1
1061,1162,573,3
1062,1162,1796,1
1063,1162,1677,1
1064,1162,1388,2
1065,1162,205,1
1066,1162,767,10
1067,1162,752,2
1068,1162,862,2
1069,1162,498,1
1070,1162,1708,13
1071,1162,323,68
1072,1162,843,1
1073,1162,1678,1
1074,1162,1090,2
1075,1162,764,12
1076,1162,476,1
1077,1162,1468,46
1078,1162,1506,1
1079,1162,156,1
1080,1162,174,1
1081,1162,1057,57
1082,1162,1105,1
1083,1162,1409,4
1084,1162,1713,2
1085,1162,1861,35
1086,1162,500,2
1087,1162,1265,7
1088,1162,190,20
1089,1162,783,10
1090,1162,1838,10
1091,1162,1211,3
1092,1162,87,2
1093,1162,475,11
1094,1162,419,4
1095,1162,1850,6
1096,1162,1766,45
1097,1162,1331,39
1098,1162,1172,1
1099,1162,40,1
1100,1162,612,1
1101,1162,389,2
1102,1162,1196,1
1103,1162,19,13
1104,1162,1703,37
1105,1162,381,3
1106,1162,144,3
1107,1162,966,1
1108,1162,1742,289
1109,1162,197,1
1110,1162,1224,10
1111,1162,1712,2
1112,1162,335,1
1113,1162,1182,6
1114,1162,319,2
1115,1162,996,1
1116,1162,1761,4
1117,1542,1542,1
1118,591,1546,13
1119,591,133,1
1120,1477,1273,13
1121,868,1072,1
1122,342,419,9
1123,342,1181,2
1124,1387,1668,3
1125,1387,1641,2
1126,1387,929,3
1127,1387,257,1
1128,1387,1433,1
1129,1387,1546,2
1130,1387,196,1
1131,1387,1483,1
1132,1387,258,1
1133,1387,649,2
1134,1387,1820,1
1135,1387,1144,1
1136,1387,829,1
1137,1387,1744,1
1138,1387,1510,1
1139,1387,419,12
1140,1387,1191,2
1141,1387,1636,1
1142,1387,1181,4
1143,1387,660,1
1144,1387,391,2
1145,1387,1816,3
1146,1387,1773,3
1147,1387,1857,1
1148,497,1827,1
1149,497,1641,1
1150,497,1601,1
1151,497,1162,1
1152,497,1708,2
1153,497,323,4
1154,497,764,2
1155,497,1468,1
1156,497,1562,1
1157,497,500,3
1158,497,190,5
1159,497,784,1
1160,497,1703,2
1161,497,1742,5
1162,1813,419,4
1163,1273,1546,6
1164,934,822,1
1165,1109,212,1
1166,1220,1742,1
1167,1515,1022,1
1168,1515,1871,1
1169,1515,1838,2
1170,1515,1331,2
1171,1515,1742,2
1172,426,257,1
1173,352,323,1
1174,352,1742,3
1175,909,1191,3
1176,1194,1742,2
1177,94,228,1
1178,550,1742,1
1179,43,1463,1
1180,43,23,1
1181,43,544,1
1182,43,1108,2
1183,43,862,1
1184,43,1057,26
1185,43,32,2
1186,43,1195,3
1187,43,1653,1
1188,975,257,3
1189,975,227,1
1190,975,1289,1
1191,232,660,2
1192,103,228,6
1193,1558,1742,2
1194,1334,1546,2
1195,544,1827,19
1196,544,1624,16
1197,544,1641,9
1198,544,918,42
1199,544,1662,20
1200,544,1746,15
1201,544,762,15
1202,544,1459,15
1203,544,380,6
1204,544,1463,3
1205,544,1343,2
1206,544,23,1
1207,544,257,15
1208,544,1565,1
1209,544,1122,4
1210,544,1162,46
1211,544,544,10
1212,544,1108,4
1213,544,146,15
1214,544,1640,20
1215,544,1388,1
1216,544,198,1
1217,544,1276,1
1218,544,1546,15
1219,544,1708,18
1220,544,620,4
1221,544,831,15
1222,544,937,15
1223,544,1321,15
1224,544,764,12
1225,544,1034,15
1226,544,1468,18
1227,544,156,15
1228,544,1057,162
1229,544,1409,4
1230,544,1713,2
1231,544,1855,1
1232,544,1861,7
1233,544,1510,15
1234,544,1265,18
1235,544,423,15
1236,544,538,4
1237,544,783,4
1238,544,1838,4
1239,544,1500,15
1240,544,475,19
1241,544,419,1
1242,544,1850,15
1243,544,1766,34
1244,544,1547,1
1245,544,1331,19
1246,544,445,15
1247,544,11,16
1248,544,19,4
1249,544,517,15
1250,544,1703,1
1251,544,403,15
1252,544,381,14
1253,544,112,4
1254,544,318,1
1255,544,1297,15
1256,544,1430,1
1257,544,1146,15
1258,544,515,15
1259,544,1742,115
1260,544,32,4
1261,544,113,15
1262,544,1224,15
1263,544,1355,5
1264,544,79,5
1265,544,533,15
1266,544,335,5
1267,544,1182,1
1268,544,203,7
1269,544,1761,5
1270,544,1869,15
1271,253,1546,1
1272,825,1273,5
1273,825,1334,7
1274,825,507,5
1275,825,1377,13
1276,825,1115,2
1277,1099,1742,1
1278,1445,1742,3
1279,1831,1546,1
1280,936,230,1
1281,936,1546,5
1282,936,72,2
1283,936,432,2
1284,936,1773,3
1285,1865,1742,1
1286,1353,1546,1
1287,1252,1392,1
1288,779,1273,1
1289,1178,375,2
1290,1178,1395,1
1291,1178,720,3
1292,1178,85,3
1293,1178,479,3
1294,1178,322,2
1295,1178,1839,3
1296,1178,1335,2
1297,1178,1829,1
1298,1178,337,1
1299,1178,1544,2
1300,1178,361,3
1301,1178,1415,1
1302,1178,1300,2
1303,1178,1051,1
1304,1178,303,1
1305,1178,1673,3
1306,1178,1480,1
1307,1178,959,2
1308,1178,1566,1
1309,1178,680,3
1310,1178,1856,3
1311,1178,818,3
1312,1178,1018,2
1313,1178,454,2
1314,1178,593,1
1315,1178,986,2
1316,1178,419,2
1317,1178,1888,2
1318,1178,880,2
1319,1178,473,3
1320,1178,947,1
1321,1178,1768,1
1322,1178,1068,3
1323,1178,179,2
1324,1178,1623,1
1325,1178,42,3
1326,1178,1782,1
1327,1504,1581,3
1328,1031,1816,14
1329,1042,1742,1
1330,1327,1546,1
1331,912,309,1
1332,912,1443,1
1333,912,1284,2
1334,912,105,3
1335,912,1434,3
1336,912,1596,1
1337,912,223,1
1338,912,142,2
1339,912,912,1
1340,912,1356,1
1341,912,537,2
1342,912,146,16
1343,912,283,1
1344,912,1736,3
1345,912,1498,6
1346,912,438,4
1347,912,1546,16
1348,912,836,1
1349,912,989,1
1350,912,644,5
1351,912,1306,4
1352,912,482,2
1353,912,369,2
1354,912,1484,2
1355,912,649,6
1356,912,1820,2
1357,912,1790,1
1358,912,302,1
1359,912,36,2
1360,912,200,1
1361,912,638,4
1362,912,1399,1
1363,912,493,3
1364,912,419,11
1365,912,799,147
1366,912,1787,3
1367,912,442,3
1368,912,588,2
1369,912,56,4
1370,912,1293,1
1371,912,115,5
1372,912,660,2
1373,912,16,10
1374,912,1726,13
1375,912,1773,7
1376,201,1546,1
1377,625,228,2
1378,1032,257,1
1379,1707,257,2
1380,1707,507,2
1381,433,1581,4
1382,1496,764,1
1383,1496,1742,1
1384,478,1546,1
1385,1403,1742,1
1386,1002,1546,1
1387,1358,1742,2
1388,1497,1581,1
1389,822,332,1
1390,822,1668,3
1391,822,676,3
1392,822,929,4
1393,822,706,2
1394,822,125,1
1395,822,1621,1
1396,822,1013,1
1397,822,346,2
1398,822,755,2
1399,822,257,2
1400,822,1835,1
1401,822,304,11
1402,822,146,2
1403,822,1428,1
1404,822,549,1
1405,822,1433,2
1406,822,1859,1
1407,822,404,1
1408,822,1546,16
1409,822,323,3
1410,822,196,3
1411,822,1483,4
1412,822,258,2
1413,822,649,7
1414,822,1820,1
1415,822,1144,2
1416,822,386,1
1417,822,1103,4
1418,822,638,6
1419,822,1744,5
1420,822,1510,2
1421,822,1500,3
1422,822,419,81
1423,822,1191,65
1424,822,799,15
1425,822,1789,1
1426,822,1636,4
1427,822,449,1
1428,822,1890,8
1429,822,878,4
1430,822,2,2
1431,822,1181,2
1432,822,660,11
1433,822,1412,1
1434,822,391,2
1435,822,1773,30
1436,822,1857,1
1437,1594,1072,2
1438,1594,228,1
1439,1594,1273,4
1440,1594,507,1
1441,1594,1581,9
1442,1537,419,2
1443,1544,1178,1
1444,1863,1072,1
1445,1356,912,2
1446,1564,475,1
1447,1564,1742,3
1448,1551,1641,4
1449,1551,379,4
1450,1551,1662,4
1451,1551,389,4
1452,1551,304,4
1453,1551,1469,4
1454,1551,1388,1
1455,1551,752,4
1456,1551,1546,3
1457,1551,282,4
1458,1551,1090,4
1459,1551,1468,4
1460,1551,156,1
1461,1551,239,4
1462,1551,730,4
1463,1551,190,4
1464,1551,783,4
1465,1551,431,4
1466,1551,1850,4
1467,1551,799,1
1468,1551,389,4
1469,1551,381,4
1470,1551,1643,1
1471,1551,1742,4
1472,1551,22,4
1473,1551,484,1
1474,304,1641,11
1475,304,379,2
1476,304,918,2
1477,304,1162,6
1478,304,822,2
1479,304,304,2
1480,304,1433,8
1481,304,1546,1
1482,304,323,1
1483,304,1483,1
1484,304,865,1
1485,304,190,6
1486,304,419,16
1487,304,1850,7
1488,304,1890,1
1489,304,1742,12
1490,304,1773,7
1491,1240,1490,1
1492,1240,419,1
1493,474,1851,1
1494,474,1331,1
1495,1017,1162,1
1496,1108,918,3
1497,1108,252,1
1498,1108,1463,7
1499,1108,1727,2
1500,1108,1162,2
1501,1108,544,2
1502,1108,374,3
1503,1108,862,6
1504,1108,1276,1
1505,1108,683,2
1506,1108,1057,286
1507,1108,1713,1
1508,1108,669,7
1509,1108,1855,3
1510,1108,1861,4
1511,1108,783,5
1512,1108,1838,1
1513,1108,1766,1
1514,1108,1331,1
1515,1108,564,7
1516,1108,830,4
1517,1108,1461,2
1518,1108,32,12
1519,1108,1195,1
1520,1108,1182,2
1521,1108,203,1
1522,636,507,5
1523,636,1581,8
1524,1248,1546,1
1525,1469,1826,1
1526,1469,1064,1
1527,1469,1641,1
1528,1469,918,4
1529,1469,1746,1
1530,1469,1294,1
1531,1469,632,1
1532,1469,1162,2
1533,1469,759,1
1534,1469,1469,2
1535,1469,1393,1
1536,1469,1388,1
1537,1469,498,3
1538,1469,1173,3
1539,1469,29,2
1540,1469,1861,1
1541,1469,423,1
1542,1469,783,2
1543,1469,419,4
1544,1469,1318,1
1545,1469,927,1
1546,1469,1742,14
1547,1469,203,1
1548,539,1162,2
1549,539,1742,5
1550,154,1742,2
1551,146,825,6
1552,146,912,8
1553,146,1546,39
1554,146,1708,1
1555,146,1500,1
1556,146,419,13
1557,146,1191,16
1558,146,799,11
1559,146,1890,1
1560,146,54,5
1561,146,1181,8
1562,708,708,1
1563,1757,1581,3
1564,1095,419,1
1565,928,1057,1
1566,1214,912,1
1567,1214,1546,2
1568,1214,36,1
1569,1214,1576,1
1570,1214,1742,1
1571,1214,1816,2
1572,374,1858,2
1573,374,918,2
1574,374,1463,1
1575,374,1727,9
1576,374,1108,2
1577,374,1057,43
1578,374,1861,1
1579,374,32,4
1580,1478,228,1
1581,1156,1546,1
1582,1428,822,1
1583,344,419,2
1584,1197,1197,1
1585,1197,1546,1
1586,1632,1162,1
1587,1632,1742,1
1588,809,1317,7
1589,809,359,13
1590,809,1072,140
1591,809,1844,1
1592,809,1038,1
1593,809,228,54
1594,809,1569,4
1595,809,1273,138
1596,809,1645,4
1597,809,76,2
1598,809,1886,1
1599,809,1683,1
1600,809,1476,47
1601,809,507,4
1602,809,1576,4
1603,809,416,53
1604,809,1816,15
1605,809,1208,86
1606,809,1773,60
1607,261,1191,1
1608,1823,1546,1
1609,24,1546,1
1610,1811,1581,2
1611,234,1,40
1612,233,1420,1
1613,233,1331,1
1614,233,1742,1
1615,233,1581,1
1616,970,212,2
1617,735,419,1
1618,735,166,1
1619,576,1576,3
1620,1883,228,1
1621,343,1742,1
1622,343,1581,1
1623,771,1742,20
1624,573,1162,2
1625,573,731,1
1626,573,1742,3
1627,573,1581,1
1628,1400,1546,1
1629,363,1572,1
1630,363,1388,1
1631,363,1774,2
1632,363,275,1
1633,363,731,1
1634,363,904,2
1635,363,718,2
1636,363,1755,2
1637,82,1072,22
1638,549,822,2
1639,458,1273,1
1640,1834,419,1
1641,1617,1742,1
1642,1456,1,1
1643,394,98,1
1644,394,528,4
1645,394,429,1
1646,394,419,3
1647,394,799,3
1648,1426,1641,2
1649,1426,1469,1
1650,1426,419,5
1651,1426,1742,2
1652,1426,1181,1
1653,1736,912,2
1654,1736,1576,1
1655,1640,1827,1
1656,1640,1468,1
1657,1640,475,1
1658,1640,1557,1
1659,1640,1742,3
1660,1371,1,2
1661,1371,1742,1
1662,1843,1068,1
1663,1796,1624,1
1664,1796,1641,4
1665,1796,1162,1
1666,1796,752,2
1667,1796,3,1
1668,1796,190,1
1669,1796,1472,1
1670,1796,964,2
1671,1796,381,2
1672,1796,1742,7
1673,982,268,1
1674,724,228,1
1675,747,747,2
1676,397,1581,1
1677,1433,1641,19
1678,1433,1662,3
1679,1433,786,1
1680,1433,587,4
1681,1433,1621,7
1682,1433,674,3
1683,1433,1062,3
1684,1433,975,3
1685,1433,822,3
1686,1433,304,21
1687,1433,1546,10
1688,1433,649,3
1689,1433,865,3
1690,1433,638,3
1691,1433,1744,1
1692,1433,190,10
1693,1433,419,6
1694,1433,1191,14
1695,1433,1423,7
1696,1433,1850,19
1697,1433,799,5
1698,1433,1289,5
1699,1433,442,8
1700,1433,1181,7
1701,1433,660,3
1702,1433,1040,1
1703,1433,1773,1
1704,742,1827,3
1705,742,918,1
1706,742,730,1
1707,742,1742,5
1708,742,1182,1
1709,1677,380,1
1710,885,1708,1
1711,885,475,5
1712,885,67,1
1713,1388,918,8
1714,1388,380,1
1715,1388,313,1
1716,1388,611,1
1717,1388,1162,3
1718,1388,1540,1
1719,1388,544,2
1720,1388,363,1
1721,1388,683,2
1722,1388,1874,1
1723,1388,1057,6
1724,1388,1861,1
1725,1388,1265,1
1726,1388,1838,1
1727,1388,475,5
1728,1388,1331,3
1729,1388,1742,4
1730,1388,32,1
1731,1388,1182,2
1732,1388,1145,1
1733,1388,1653,1
1734,1336,1072,1
1735,503,1191,6
1736,503,1424,1
1737,135,1546,1
1738,205,731,1
1739,205,1742,1
1740,542,419,4
1741,1436,1546,1
1742,767,1162,17
1743,767,476,1
1744,767,1742,26
1745,770,228,1
1746,770,760,1
1747,1618,228,1
1748,863,1742,2
1749,1494,1331,1
1750,1494,1581,1
1751,752,1827,7
1752,752,1624,4
1753,752,97,1
1754,752,1064,1
1755,752,929,1
1756,752,918,8
1757,752,1662,1
1758,752,380,10
1759,752,1162,9
1760,752,1796,2
1761,752,1677,4
1762,752,29,7
1763,752,1468,4
1764,752,1409,1
1765,752,1861,1
1766,752,1766,1
1767,752,774,1
1768,752,990,1
1769,752,408,1
1770,752,1742,10
1771,752,203,1
1772,1088,1742,1
1773,1748,581,6
1774,1748,1072,1
1775,1748,1546,2
1776,1748,419,5
1777,1748,660,2
1778,862,252,2
1779,862,380,1
1780,862,1343,7
1781,862,1162,5
1782,862,1108,19
1783,862,374,1
1784,862,1276,1
1785,862,1057,51
1786,862,669,2
1787,862,1265,2
1788,862,783,1
1789,862,1838,1
1790,862,584,1
1791,862,475,4
1792,862,1331,3
1793,862,564,2
1794,862,1182,3
1795,862,1761,1
1796,862,1653,1
1797,1836,228,1
1798,120,1546,1
1799,1859,760,1
1800,602,1581,1
1801,1711,228,1
1802,719,1273,1
1803,148,1581,1
1804,930,419,1
1805,1173,918,22
1806,1173,162,1
1807,1173,1469,7
1808,1173,1388,2
1809,1173,498,28
1810,1173,1173,7
1811,1173,997,1
1812,1173,1409,5
1813,1173,1861,6
1814,1173,1331,3
1815,1173,1550,3
1816,1173,1742,18
1817,1173,1182,4
1818,198,198,18
1819,198,1742,3
1820,1444,1546,1
1821,853,534,1
1822,657,1742,1
1823,163,419,1
1824,1498,912,5
1825,741,1072,21
1826,51,1546,1
1827,267,918,2
1828,267,1366,1
1829,1584,419,1
1830,404,1387,1
1831,1625,1576,3
1832,1275,1546,1
1833,1276,86,1
1834,1276,1343,3
1835,1276,683,2
1836,1276,1057,114
1837,1276,1861,1
1838,1276,32,1
1839,526,1,1
1840,1546,511,1
1841,1546,356,8
1842,1546,1715,4
1843,1546,748,1
1844,1546,999,1
1845,1546,540,1
1846,1546,1641,6
1847,1546,798,6
1848,1546,676,93
1849,1546,1264,2
1850,1546,592,2
1851,1546,379,5
1852,1546,1587,1
1853,1546,1771,1
1854,1546,289,2
1855,1546,902,1
1856,1546,1033,1
1857,1546,845,1
1858,1546,777,1
1859,1546,727,1
1860,1546,786,2
1861,1546,1215,1
1862,1546,353,2
1863,1546,587,17
1864,1546,1253,1
1865,1546,1746,14
1866,1546,1783,1
1867,1546,1873,11
1868,1546,1451,1
1869,1546,230,4
1870,1546,296,2
1871,1546,710,1
1872,1546,615,2
1873,1546,69,1
1874,1546,674,3
1875,1546,1098,5
1876,1546,801,6
1877,1546,237,1
1878,1546,1459,11
1879,1546,1815,3
1880,1546,1081,1
1881,1546,1010,1
1882,1546,1046,1
1883,1546,601,1
1884,1546,715,1
1885,1546,1072,3
1886,1546,257,9
1887,1546,1692,1
1888,1546,1514,1
1889,1546,948,1
1890,1546,490,1
1891,1546,1232,1
1892,1546,1702,1
1893,1546,1878,3
1894,1546,1880,1
1895,1546,1604,1
1896,1546,591,26
1897,1546,1337,1
1898,1546,106,1
1899,1546,385,1
1900,1546,131,1
1901,1546,544,1
1902,1546,825,4
1903,1546,936,3
1904,1546,1100,12
1905,1546,912,5
1906,1546,822,13
1907,1546,1551,2
1908,1546,304,9
1909,1546,1674,1
1910,1546,325,1
1911,1546,1248,1
1912,1546,1290,5
1913,1546,146,53
1914,1546,160,1
1915,1546,1060,1
1916,1546,24,6
1917,1546,443,1
1918,1546,888,1
1919,1546,499,1
1920,1546,1131,1
1921,1546,300,1
1922,1546,1882,1
1923,1546,1266,1
1924,1546,287,1
1925,1546,1433,20
1926,1546,711,1
1927,1546,1082,1
1928,1546,1083,1
1929,1546,1055,1
1930,1546,119,2
1931,1546,8,2
1932,1546,186,5
1933,1546,1696,10
1934,1546,1595,4
1935,1546,1575,1
1936,1546,920,2
1937,1546,51,1
1938,1546,1135,3
1939,1546,1546,250
1940,1546,1708,46
1941,1546,1741,1
1942,1546,1385,1
1943,1546,83,1
1944,1546,1138,1
1945,1546,1029,1
1946,1546,1345,1
1947,1546,659,3
1948,1546,323,1
1949,1546,813,1
1950,1546,1501,1
1951,1546,1321,1
1952,1546,1622,6
1953,1546,651,1
1954,1546,278,1
1955,1546,1483,5
1956,1546,1212,2
1957,1546,1685,1
1958,1546,1229,1
1959,1546,1034,30
1960,1546,1468,54
1961,1546,1728,1
1962,1546,504,1
1963,1546,1719,1
1964,1546,312,1
1965,1546,1073,4
1966,1546,1681,2
1967,1546,1163,1
1968,1546,649,49
1969,1546,1820,10
1970,1546,865,1
1971,1546,1349,1
1972,1546,55,2
1973,1546,1103,1
1974,1546,693,3
1975,1546,206,12
1976,1546,72,2
1977,1546,36,4
1978,1546,638,21
1979,1546,1744,22
1980,1546,305,3
1981,1546,988,1
1982,1546,1207,1
1983,1546,730,2
1984,1546,626,3
1985,1546,1510,11
1986,1546,1695,7
1987,1546,190,9
1988,1546,468,1
1989,1546,1397,8
1990,1546,1784,2
1991,1546,1168,1
1992,1546,1500,24
1993,1546,450,1
1994,1546,1573,5
1995,1546,452,3
1996,1546,613,1
1997,1546,138,1
1998,1546,1026,1
1999,1546,431,2
2000,1546,419,137
2001,1546,1191,65
2002,1546,199,1
2003,1546,852,9
2004,1546,1230,2
2005,1546,1193,2
2006,1546,569,1
2007,1546,1277,2
2008,1546,1850,7
2009,1546,799,35
2010,1546,350,4
2011,1546,1076,2
2012,1546,1289,2
2013,1546,1331,1
2014,1546,442,5
2015,1546,728,2
2016,1546,6,1
2017,1546,782,1
2018,1546,1683,13
2019,1546,776,1
2020,1546,28,1
2021,1546,1199,1
2022,1546,341,1
2023,1546,774,4
2024,1546,7,2
2025,1546,931,1
2026,1546,250,1
2027,1546,1052,1
2028,1546,445,2
2029,1546,229,2
2030,1546,556,2
2031,1546,1141,1
2032,1546,1437,2
2033,1546,89,1
2034,1546,220,1
2035,1546,910,1
2036,1546,1890,27
2037,1546,1654,2
2038,1546,382,2
2039,1546,1293,4
2040,1546,381,1
2041,1546,739,3
2042,1546,828,1
2043,1546,1801,1
2044,1546,1643,3
2045,1546,1868,1
2046,1546,1676,2
2047,1546,107,3
2048,1546,1772,1
2049,1546,1788,1
2050,1546,1612,2
2051,1546,905,2
2052,1546,1607,2
2053,1546,1549,4
2054,1546,1447,1
2055,1546,1742,6
2056,1546,54,147
2057,1546,1295,1
2058,1546,1238,1
2059,1546,113,3
2060,1546,1224,6
2061,1546,194,1
2062,1546,1181,52
2063,1546,1328,1
2064,1546,1470,1
2065,1546,660,19
2066,1546,1620,4
2067,1546,1765,2
2068,1546,1688,1
2069,1546,922,5
2070,1546,432,3
2071,1546,773,1
2072,1546,628,1
2073,1546,456,2
2074,1546,514,3
2075,1546,1185,1
2076,1546,1394,2
2077,1546,1749,58
2078,1546,1869,1
2079,1546,1183,1
2080,1546,444,1
2081,1546,1773,37
2082,1708,1840,11
2083,1708,188,2
2084,1708,1827,113
2085,1708,1826,27
2086,1708,356,5
2087,1708,1624,43
2088,1708,97,2
2089,1708,61,8
2090,1708,1641,53
2091,1708,358,9
2092,1708,929,7
2093,1708,618,9
2094,1708,918,119
2095,1708,561,1
2096,1708,596,3
2097,1708,98,6
2098,1708,1662,98
2099,1708,1746,69
2100,1708,143,10
2101,1708,389,99
2102,1708,762,54
2103,1708,1278,9
2104,1708,1459,142
2105,1708,380,2
2106,1708,417,4
2107,1708,1601,2
2108,1708,257,20
2109,1708,732,29
2110,1708,1374,11
2111,1708,637,44
2112,1708,308,4
2113,1708,1122,21
2114,1708,1162,122
2115,1708,1540,14
2116,1708,497,3
2117,1708,226,12
2118,1708,544,24
2119,1708,901,21
2120,1708,1864,21
2121,1708,1551,23
2122,1708,146,55
2123,1708,1049,30
2124,1708,1519,1
2125,1708,841,18
2126,1708,1786,4
2127,1708,1640,27
2128,1708,885,3
2129,1708,10,9
2130,1708,1546,159
2131,1708,1708,2
2132,1708,620,11
2133,1708,831,41
2134,1708,937,11
2135,1708,323,2
2136,1708,1725,2
2137,1708,1528,3
2138,1708,1321,28
2139,1708,651,9
2140,1708,393,2
2141,1708,764,1
2142,1708,1034,99
2143,1708,1468,156
2144,1708,997,14
2145,1708,826,3
2146,1708,1875,3
2147,1708,649,1
2148,1708,368,1
2149,1708,156,23
2150,1708,1015,3
2151,1708,969,61
2152,1708,817,9
2153,1708,638,12
2154,1708,1744,6
2155,1708,500,63
2156,1708,797,21
2157,1708,1510,32
2158,1708,1265,25
2159,1708,190,71
2160,1708,1397,108
2161,1708,423,50
2162,1708,1500,20
2163,1708,1814,3
2164,1708,1102,12
2165,1708,87,1
2166,1708,475,60
2167,1708,431,99
2168,1708,419,59
2169,1708,1304,12
2170,1708,1191,24
2171,1708,1700,61
2172,1708,102,8
2173,1708,1714,35
2174,1708,1850,96
2175,1708,903,2
2176,1708,799,26
2177,1708,1547,24
2178,1708,1331,60
2179,1708,671,1
2180,1708,1557,1
2181,1708,445,95
2182,1708,990,25
2183,1708,389,99
2184,1708,11,24
2185,1708,517,38
2186,1708,1703,77
2187,1708,403,20
2188,1708,381,74
2189,1708,899,11
2190,1708,292,3
2191,1708,585,4
2192,1708,112,9
2193,1708,1297,2
2194,1708,1430,1
2195,1708,1146,37
2196,1708,515,37
2197,1708,1742,146
2198,1708,1134,2
2199,1708,110,9
2200,1708,887,21
2201,1708,113,29
2202,1708,1224,101
2203,1708,1181,13
2204,1708,1686,17
2205,1708,165,8
2206,1708,1658,1
2207,1708,660,18
2208,1708,533,64
2209,1708,22,9
2210,1708,1182,16
2211,1708,996,24
2212,1708,247,12
2213,1708,1592,9
2214,1708,1319,19
2215,1708,1410,4
2216,1708,264,1
2217,1708,1869,34
2218,1106,1546,2
2219,1580,1191,1
2220,1580,1816,1
2221,961,419,1
2222,898,822,1
2223,1094,1581,2
2224,496,1742,4
2225,1047,1742,1
2226,202,1581,1
2227,326,228,1
2228,326,419,11
2229,326,507,1
2230,326,1816,1
2231,315,1273,2
2232,315,1546,14
2233,315,507,14
2234,315,1576,33
2235,315,54,6
2236,315,1581,49
2237,1841,1581,1
2238,793,1,1
2239,1119,1191,1
2240,698,249,1
2241,1216,1581,1
2242,412,1072,10
2243,831,1057,11
2244,644,912,1
2245,943,1547,1
2246,943,1331,1
2247,943,1742,1
2248,1521,1546,2
2249,1521,1816,2
2250,1044,228,1
2251,1,511,1
2252,1,418,1
2253,1,1624,1
2254,1,47,1
2255,1,1322,14
2256,1,50,2
2257,1,1600,1
2258,1,1132,7
2259,1,1159,1
2260,1,293,3
2261,1,380,1
2262,1,1885,2
2263,1,492,1
2264,1,257,6
2265,1,889,1
2266,1,1522,6
2267,1,668,2
2268,1,357,1
2269,1,1162,2
2270,1,421,1
2271,1,1687,2
2272,1,273,1
2273,1,1590,2
2274,1,518,1
2275,1,688,1
2276,1,912,12
2277,1,415,2
2278,1,609,2
2279,1,325,18
2280,1,1759,1
2281,1,1417,3
2282,1,1639,2
2283,1,300,2
2284,1,991,1
2285,1,570,5
2286,1,575,1
2287,1,1217,1
2288,1,1475,1
2289,1,1848,1
2290,1,15,1
2291,1,1546,244
2292,1,1364,4
2293,1,323,1
2294,1,1189,1
2295,1,634,1
2296,1,1718,8
2297,1,1593,4
2298,1,1694,1
2299,1,1809,1
2300,1,1706,1
2301,1,1606,14
2302,1,245,1
2303,1,116,1
2304,1,290,2
2305,1,580,1
2306,1,510,1
2307,1,701,1
2308,1,488,2
2309,1,1087,4
2310,1,236,1
2311,1,1638,1
2312,1,44,1
2313,1,1187,1
2314,1,419,47
2315,1,1191,20
2316,1,1525,1
2317,1,1833,40
2318,1,489,1
2319,1,1152,1
2320,1,1141,8
2321,1,1396,1
2322,1,1287,2
2323,1,1487,1
2324,1,599,6
2325,1,225,1
2326,1,872,1
2327,1,1703,1
2328,1,1892,1
2329,1,559,1
2330,1,1383,2
2331,1,712,2
2332,1,1571,1
2333,1,1705,1
2334,1,1742,16
2335,1,1271,1
2336,1,1329,1
2337,1,616,1
2338,1,1845,1
2339,1,1338,13
2340,1,25,1
2341,1,713,1
2342,1,607,1
2343,1,1164,15
2344,1,1421,1
2345,1,695,2
2346,1,945,1
2347,683,605,1
2348,683,1827,1
2349,683,1858,1
2350,683,86,1
2351,683,918,1
2352,683,129,1
2353,683,877,1
2354,683,252,1
2355,683,1808,1
2356,683,1231,1
2357,683,1323,1
2358,683,762,1
2359,683,981,1
2360,683,380,1
2361,683,1463,1
2362,683,1343,1
2363,683,313,1
2364,683,204,1
2365,683,23,1
2366,683,1162,1
2367,683,1489,1
2368,683,43,1
2369,683,544,2
2370,683,1802,1
2371,683,1469,1
2372,683,374,1
2373,683,1388,1
2374,683,862,1
2375,683,1173,1
2376,683,1276,2
2377,683,1723,1
2378,683,683,98
2379,683,1419,1
2380,683,1090,5
2381,683,184,1
2382,683,13,1
2383,683,1057,68
2384,683,1105,1
2385,683,1531,5
2386,683,1409,1
2387,683,1479,1
2388,683,1661,1
2389,683,669,1
2390,683,70,1
2391,683,1861,2
2392,683,802,1
2393,683,423,1
2394,683,1303,1
2395,683,783,1
2396,683,1838,1
2397,683,1000,1
2398,683,475,1
2399,683,1714,1
2400,683,1043,1
2401,683,1331,1
2402,683,564,1
2403,683,774,1
2404,683,558,1
2405,683,512,20
2406,683,830,1
2407,683,886,1
2408,683,1461,1
2409,683,259,1
2410,683,585,20
2411,683,1198,1
2412,683,663,1
2413,683,318,1
2414,683,1357,1
2415,683,1742,1
2416,683,883,1
2417,683,32,1
2418,683,1195,1
2419,683,1610,1
2420,683,1793,1
2421,683,1182,2
2422,683,203,2
2423,683,484,1
2424,683,159,1
2425,683,1145,1
2426,683,101,1
2427,683,1761,1
2428,683,1653,1
2429,806,1546,1
2430,1179,1072,2
2431,1306,912,3
2432,656,419,1
2433,1684,1,1
2434,1684,1742,3
2435,1684,1581,5
2436,785,1273,1
2437,227,1641,10
2438,227,379,10
2439,227,257,10
2440,227,975,10
2441,227,304,10
2442,227,1469,9
2443,227,1546,1
2444,227,227,1
2445,227,419,10
2446,227,1191,2
2447,227,1850,10
2448,227,1773,10
2449,659,1546,2
2450,1637,1637,1
2451,696,1191,1
2452,323,1827,3
2453,323,1624,5
2454,323,1641,12
2455,323,333,1
2456,323,143,1
2457,323,1459,1
2458,323,1374,1
2459,323,457,5
2460,323,1162,44
2461,323,497,2
2462,323,352,1
2463,323,822,4
2464,323,1519,1
2465,323,157,1
2466,323,1708,3
2467,323,843,2
2468,323,14,2
2469,323,764,3
2470,323,1468,3
2471,323,978,1
2472,323,500,7
2473,323,190,25
2474,323,784,3
2475,323,766,1
2476,323,562,1
2477,323,405,2
2478,323,1703,15
2479,323,1742,79
2480,323,1779,3
2481,323,79,2
2482,323,1446,3
2483,323,1425,1
2484,323,1581,19
2485,323,543,1
2486,1495,419,2
2487,891,419,5
2488,590,1062,1
2489,590,1742,1
2490,425,1072,2
2491,1378,1072,1
2492,329,1546,1
2493,705,1546,1
2494,1124,1072,5
2495,1124,507,1
2496,1124,1816,1
2497,1731,419,1
2498,1035,507,4
2499,804,1742,2
2500,1354,1546,1
2501,1296,228,1
2502,1326,909,2
2503,1326,1191,11
2504,949,949,1
2505,594,1581,1
2506,1332,1072,14
2507,1332,507,12
2508,1360,228,1
2509,30,1581,6
2510,1370,1742,1
2511,1370,1581,1
2512,1092,1581,7
2513,840,910,1
2514,1237,419,3
2515,939,939,10
2516,843,1641,1
2517,843,1162,1
2518,843,323,3
2519,843,500,3
2520,843,381,1
2521,843,1742,1
2522,851,1576,1
2523,1678,1162,1
2524,1678,1742,1
2525,847,1742,1
2526,847,1581,1
2527,66,257,4
2528,1321,97,1
2529,1321,380,1
2530,1321,1162,1
2531,1321,1546,1
2532,1321,953,1
2533,1321,1838,1
2534,1321,138,1
2535,1321,431,1
2536,1321,1120,1
2537,1321,1890,1
2538,1321,1742,1
2539,871,1742,1
2540,1205,918,2
2541,1205,637,4
2542,1205,1703,2
2543,150,534,1
2544,81,1546,1
2545,208,1601,1
2546,219,1742,2
2547,271,419,5
2548,271,1181,1
2549,1090,379,1
2550,1090,1662,3
2551,1090,1693,1
2552,1090,1162,2
2553,1090,1330,1
2554,1090,431,3
2555,1090,1742,8
2556,376,1546,1
2557,717,1072,1
2558,892,1072,1
2559,109,1546,1
2560,800,1191,5
2561,1679,1581,32
2562,1541,182,1
2563,462,228,2
2564,834,1581,19
2565,778,1546,1
2566,692,1546,1
2567,692,692,1
2568,367,1546,1
2569,1735,1260,1
2570,196,822,2
2571,196,419,3
2572,1153,1581,1
2573,1764,1796,1
2574,1764,764,1
2575,1764,381,1
2576,1764,1742,1
2577,1339,783,1
2578,1339,1742,1
2579,384,765,1
2580,384,1008,1
2581,384,623,1
2582,286,228,1
2583,1505,1144,2
2584,764,1641,1
2585,764,918,1
2586,764,1662,1
2587,764,1601,2
2588,764,1860,6
2589,764,1162,9
2590,764,497,4
2591,764,544,1
2592,764,1496,1
2593,764,1640,1
2594,764,1708,1
2595,764,323,1
2596,764,500,4
2597,764,190,17
2598,764,475,1
2599,764,1703,3
2600,764,1742,59
2601,764,197,2
2602,764,79,9
2603,764,141,1
2604,764,335,1
2605,764,1182,1
2606,764,410,1
2607,764,1446,11
2608,1566,1072,1
2609,1566,419,7
2610,476,1742,6
2611,330,1546,1
2612,1483,257,2
2613,1483,822,2
2614,1483,304,3
2615,1483,1546,7
2616,1483,649,2
2617,1483,419,2
2618,1483,1086,1
2619,1212,1273,1
2620,1286,854,1
2621,1063,1331,2
2622,1063,1703,2
2623,1034,1641,1
2624,1034,358,3
2625,1034,1662,7
2626,1034,1459,10
2627,1034,1255,6
2628,1034,1546,26
2629,1034,1034,3
2630,1034,1468,7
2631,1034,84,6
2632,1034,206,2
2633,1034,190,7
2634,1034,1397,6
2635,1034,431,7
2636,1034,419,11
2637,1034,1191,4
2638,1034,445,9
2639,1034,1643,7
2640,1034,1742,5
2641,1034,734,6
2642,369,912,1
2643,369,1787,1
2644,1530,1530,2
2645,1468,867,1
2646,1468,1827,10
2647,1468,1624,10
2648,1468,1641,2
2649,1468,358,1
2650,1468,918,19
2651,1468,1662,1
2652,1468,143,1
2653,1468,1459,2
2654,1468,380,1
2655,1468,1162,32
2656,1468,544,2
2657,1468,1640,1
2658,1468,1546,14
2659,1468,1708,12
2660,1468,323,7
2661,1468,1468,2
2662,1468,1861,3
2663,1468,1510,2
2664,1468,190,4
2665,1468,475,1
2666,1468,431,1
2667,1468,419,11
2668,1468,799,10
2669,1468,1331,7
2670,1468,1557,1
2671,1468,445,2
2672,1468,1703,8
2673,1468,381,1
2674,1468,1643,2
2675,1468,1742,48
2676,1468,1181,1
2677,1468,660,1
2678,1468,1182,1
2679,1468,319,1
2680,1468,203,1
2681,1468,1605,1
2682,1468,1319,2
2683,1003,1742,1
2684,258,822,6
2685,258,638,1
2686,258,419,3
2687,258,1191,2
2688,258,660,5
2689,689,1546,1
2690,1586,885,2
2691,1586,1,1
2692,1586,1812,1
2693,1586,1574,1
2694,126,1581,2
2695,900,1072,1
2696,900,228,3
2697,900,1816,1
2698,547,228,1
2699,437,1742,1
2700,413,228,1
2701,1449,1742,3
2702,1560,228,1
2703,1560,1704,1
2704,1053,38,1
2705,1053,1581,1
2706,1506,328,1
2707,1506,1624,3
2708,1506,918,1
2709,1506,1162,11
2710,1506,1,1
2711,1506,1506,731
2712,1506,1331,6
2713,1506,1703,4
2714,1506,277,1
2715,1506,1742,11
2716,1482,1546,1
2717,691,1742,3
2718,971,1742,1
2719,1462,822,1
2720,1219,1546,1
2721,1852,1852,7
2722,1852,1581,2
2723,567,1581,1
2724,1009,1009,1
2725,1467,1546,1
2726,968,1581,1
2727,446,744,1
2728,649,92,1
2729,649,1413,1
2730,649,332,1
2731,649,1641,5
2732,649,587,5
2733,649,257,7
2734,649,912,1
2735,649,822,13
2736,649,304,1
2737,649,146,4
2738,649,1433,3
2739,649,503,1
2740,649,1546,45
2741,649,1708,1
2742,649,46,1
2743,649,1483,3
2744,649,1468,1
2745,649,649,1
2746,649,1820,2
2747,649,638,8
2748,649,1744,1
2749,649,1510,4
2750,649,190,1
2751,649,1500,3
2752,649,419,47
2753,649,1191,29
2754,649,1850,1
2755,649,799,4
2756,649,442,1
2757,649,1890,5
2758,649,1567,2
2759,649,515,1
2760,649,54,22
2761,649,1181,17
2762,649,1260,2
2763,649,660,5
2764,1418,1546,1
2765,1536,1744,1
2766,1188,1,1
2767,865,1064,39
2768,865,918,5
2769,865,1662,1
2770,865,1808,13
2771,865,23,1
2772,865,591,1
2773,865,304,2
2774,865,1469,1
2775,865,1433,5
2776,865,752,1
2777,865,1546,2
2778,865,1874,2
2779,865,1409,13
2780,865,1861,19
2781,865,1304,1
2782,865,1289,1
2783,865,774,30
2784,865,1318,1
2785,865,1742,2
2786,865,203,18
2787,865,1761,1
2788,156,918,2
2789,156,1162,1
2790,156,1551,1
2791,156,1546,1
2792,156,783,2
2793,156,475,1
2794,156,799,1
2795,18,885,1
2796,750,750,2
2797,294,1,1
2798,757,1546,1
2799,1133,1133,1
2800,1144,228,1
2801,1144,822,2
2802,221,1581,1
2803,96,228,1
2804,1473,731,1
2805,1473,1157,1
2806,1473,1581,1
2807,842,1072,3
2808,1148,1546,1
2809,1509,1,55
2810,192,419,1
2811,192,660,3
2812,1747,1581,1
2813,171,1546,1
2814,193,1072,1
2815,193,507,1
2816,193,1576,1
2817,1810,1546,1
2818,451,360,1
2819,451,1386,1
2820,451,489,1
2821,1186,1546,1
2822,1011,1072,4
2823,1105,1463,1
2824,1105,1343,1
2825,1105,1727,4
2826,1105,1162,1
2827,1105,1276,1
2828,1105,1057,35
2829,1105,32,2
2830,1123,1816,1
2831,1543,1581,2
2832,807,1581,1
2833,633,1546,1
2834,829,1072,2
2835,829,822,4
2836,829,419,5
2837,1169,1546,1
2838,680,419,1
2839,680,507,1
2840,99,638,2
2841,1103,332,2
2842,1103,822,4
2843,1103,1546,1
2844,1103,1034,2
2845,1103,419,14
2846,1103,1181,1
2847,1103,1749,2
2848,1404,228,1
2849,654,1816,1
2850,1598,1816,1
2851,1093,1615,1
2852,1093,1581,1
2853,956,1072,2
2854,956,419,3
2855,956,1181,1
2856,956,660,4
2857,1516,1546,1
2858,650,1742,1
2859,1246,1742,2
2860,84,544,1
2861,84,84,5
2862,84,1265,7
2863,84,475,7
2864,84,1742,1
2865,998,1546,1
2866,998,419,2
2867,998,1683,2
2868,1409,1827,17
2869,1409,97,1
2870,1409,1064,8
2871,1409,918,28
2872,1409,1808,2
2873,1409,380,12
2874,1409,1463,6
2875,1409,1162,17
2876,1409,43,1
2877,1409,544,10
2878,1409,1108,1
2879,1409,752,1
2880,1409,498,5
2881,1409,1173,6
2882,1409,683,1
2883,1409,13,1
2884,1409,865,2
2885,1409,1057,42
2886,1409,1105,1
2887,1409,669,1
2888,1409,1861,20
2889,1409,1265,6
2890,1409,423,2
2891,1409,783,6
2892,1409,1838,10
2893,1409,1211,1
2894,1409,475,9
2895,1409,1766,77
2896,1409,1331,1
2897,1409,774,7
2898,1409,1550,1
2899,1409,1703,2
2900,1409,381,2
2901,1409,1742,23
2902,1409,1182,4
2903,1409,203,1
2904,1409,1824,2
2905,1409,1761,4
2906,1454,1454,1
2907,1351,1340,1
2908,206,1034,1
2909,206,1665,1
2910,206,54,1
2911,1713,918,9
2912,1713,380,1
2913,1713,1343,4
2914,1713,611,2
2915,1713,43,1
2916,1713,544,6
2917,1713,1108,20
2918,1713,1469,2
2919,1713,374,4
2920,1713,1388,5
2921,1713,498,5
2922,1713,1276,1
2923,1713,1057,69
2924,1713,1105,2
2925,1713,1409,3
2926,1713,1713,1
2927,1713,1861,6
2928,1713,783,3
2929,1713,1838,1
2930,1713,475,1
2931,1713,1331,7
2932,1713,564,2
2933,1713,1742,3
2934,1713,1182,3
2935,1713,1145,2
2936,1713,1761,4
2937,439,1742,1
2938,72,936,1
2939,72,1546,2
2940,72,432,1
2941,1776,1742,1
2942,1750,912,117
2943,1750,1546,10
2944,1750,419,3
2945,1750,1742,6
2946,36,912,2
2947,36,1546,4
2948,36,730,1
2949,36,1331,2
2950,36,11,1
2951,1535,1546,1
2952,1023,1546,1
2953,1406,1576,2
2954,1202,507,4
2955,1798,1742,24
2956,1448,1331,3
2957,1448,1742,2
2958,669,1162,1
2959,669,1108,4
2960,669,1057,38
2961,669,783,1
2962,669,32,1
2963,669,203,1
2964,940,419,1
2965,940,1819,1
2966,1825,1546,1
2967,844,228,1
2968,638,395,1
2969,638,786,2
2970,638,164,2
2971,638,257,5
2972,638,912,4
2973,638,822,4
2974,638,304,1
2975,638,1786,3
2976,638,1433,2
2977,638,1546,13
2978,638,1708,2
2979,638,258,1
2980,638,1382,3
2981,638,649,1
2982,638,192,1
2983,638,99,2
2984,638,638,7
2985,638,1510,5
2986,638,419,40
2987,638,1191,20
2988,638,1700,4
2989,638,799,6
2990,638,442,5
2991,638,1890,5
2992,638,54,22
2993,638,1181,7
2994,638,242,3
2995,638,660,5
2996,638,722,1
2997,638,1410,3
2998,772,218,1
2999,772,772,1
3000,772,419,1
3001,772,768,1
3002,170,699,1
3003,170,475,1
3004,265,1546,1
3005,187,829,1
3006,915,1546,1
3007,64,1742,1
3008,846,1576,1
3009,962,1546,6
3010,1065,1546,1
3011,130,1072,60
3012,130,1581,12
3013,1117,1181,1
3014,1247,507,1
3015,729,1756,466
3016,653,1742,1
3017,1855,918,2
3018,1855,1463,1
3019,1855,1727,1
3020,1855,1162,1
3021,1855,43,1
3022,1855,544,4
3023,1855,1108,16
3024,1855,374,2
3025,1855,1388,2
3026,1855,1276,3
3027,1855,683,2
3028,1855,1057,66
3029,1855,1105,1
3030,1855,669,8
3031,1855,1855,1
3032,1855,1861,1
3033,1855,1265,1
3034,1855,1331,8
3035,1855,564,2
3036,1855,830,1
3037,1855,1182,6
3038,1855,203,3
3039,1855,1145,2
3040,1855,1761,5
3041,1744,1583,1
3042,1744,1781,2
3043,1744,587,1
3044,1744,1176,1
3045,1744,574,2
3046,1744,261,2
3047,1744,1546,11
3048,1744,1708,3
3049,1744,1326,1
3050,1744,1483,2
3051,1744,258,1
3052,1744,195,1
3053,1744,649,1
3054,1744,638,2
3055,1744,1500,3
3056,1744,983,3
3057,1744,419,11
3058,1744,1191,119
3059,1744,799,2
3060,1744,811,1
3061,1744,442,1
3062,1744,1683,1
3063,1744,111,1
3064,1744,243,1
3065,1744,1140,7
3066,1744,1611,1
3067,1744,1086,2
3068,1744,660,1
3069,1744,1007,26
3070,1744,491,1
3071,1744,1816,51
3072,1744,1869,4
3073,1744,1773,1
3074,217,1546,1
3075,305,1546,3
3076,897,1546,1
3077,818,1673,1
3078,554,228,1
3079,1752,1576,2
3080,1647,1546,1
3081,921,228,1
3082,1861,1827,37
3083,1861,97,1
3084,1861,1064,29
3085,1861,918,66
3086,1861,246,2
3087,1861,1808,6
3088,1861,172,1
3089,1861,380,3
3090,1861,1463,12
3091,1861,23,9
3092,1861,90,1
3093,1861,1162,81
3094,1861,1540,2
3095,1861,43,1
3096,1861,1025,1
3097,1861,544,3
3098,1861,759,1
3099,1861,1108,6
3100,1861,1469,2
3101,1861,1388,1
3102,1861,498,4
3103,1861,1173,4
3104,1861,1276,3
3105,1861,1723,1
3106,1861,1468,4
3107,1861,865,6
3108,1861,1057,94
3109,1861,1409,18
3110,1861,1713,1
3111,1861,1265,8
3112,1861,423,3
3113,1861,783,19
3114,1861,1838,13
3115,1861,475,17
3116,1861,1850,1
3117,1861,911,1
3118,1861,1766,53
3119,1861,1331,8
3120,1861,1770,1
3121,1861,774,26
3122,1861,830,2
3123,1861,19,5
3124,1861,1703,2
3125,1861,381,2
3126,1861,144,1
3127,1861,1357,1
3128,1861,1742,81
3129,1861,887,2
3130,1861,32,16
3131,1861,1182,2
3132,1861,203,21
3133,1861,661,1
3134,1861,1761,7
3135,1861,763,1
3136,510,1742,3
3137,152,1581,2
3138,407,1546,1
3139,31,257,2
3140,1739,1546,1
3141,917,1072,2
3142,917,1273,1
3143,917,1546,7
3144,917,649,1
3145,917,419,14
3146,1398,1398,1
3147,904,1572,4
3148,904,363,4
3149,904,1774,4
3150,881,1273,2
3151,1151,1072,30
3152,553,1742,2
3153,553,484,1
3154,730,1827,1
3155,730,918,2
3156,730,257,1
3157,730,742,1
3158,730,1546,2
3159,730,36,2
3160,730,563,5
3161,730,730,2
3162,730,1742,2
3163,1399,1546,2
3164,500,1827,1
3165,500,1641,2
3166,500,918,1
3167,500,1662,1
3168,500,1601,1
3169,500,1162,2
3170,500,497,3
3171,500,544,1
3172,500,157,3
3173,500,1640,1
3174,500,1708,2
3175,500,323,6
3176,500,843,7
3177,500,764,10
3178,500,1468,2
3179,500,190,3
3180,500,635,1
3181,500,1703,1
3182,500,1742,13
3183,500,335,1
3184,500,1446,7
3185,500,543,3
3186,916,706,1
3187,604,604,1
3188,124,1,2
3189,390,390,1
3190,390,381,6
3191,390,1742,5
3192,390,1581,2
3193,874,1546,1
3194,454,419,4
3195,1510,1635,1
3196,1510,587,1
3197,1510,257,13
3198,1510,822,3
3199,1510,1546,7
3200,1510,1708,1
3201,1510,1468,3
3202,1510,419,6
3203,1510,799,1
3204,1510,660,1
3205,1279,1742,2
3206,1265,1840,24
3207,1265,1827,37
3208,1265,379,24
3209,1265,918,46
3210,1265,596,24
3211,1265,1662,24
3212,1265,252,24
3213,1265,389,24
3214,1265,1459,24
3215,1265,380,10
3216,1265,23,28
3217,1265,637,24
3218,1265,1162,59
3219,1265,544,32
3220,1265,901,24
3221,1265,304,24
3222,1265,1469,24
3223,1265,1388,24
3224,1265,752,24
3225,1265,1708,24
3226,1265,620,3
3227,1265,937,24
3228,1265,282,24
3229,1265,1321,24
3230,1265,1090,24
3231,1265,13,24
3232,1265,1034,24
3233,1265,1468,24
3234,1265,1875,2
3235,1265,1506,1
3236,1265,156,24
3237,1265,1057,36
3238,1265,84,1
3239,1265,1409,42
3240,1265,817,24
3241,1265,1861,19
3242,1265,730,24
3243,1265,1265,75
3244,1265,190,24
3245,1265,423,24
3246,1265,783,25
3247,1265,1838,10
3248,1265,475,37
3249,1265,431,24
3250,1265,419,24
3251,1265,45,29
3252,1265,1850,24
3253,1265,1616,24
3254,1265,1766,53
3255,1265,1547,24
3256,1265,1331,30
3257,1265,1325,24
3258,1265,389,24
3259,1265,19,9
3260,1265,517,24
3261,1265,1703,3
3262,1265,381,24
3263,1265,1357,24
3264,1265,1146,24
3265,1265,1742,72
3266,1265,113,24
3267,1265,1224,24
3268,1265,22,24
3269,1265,1182,4
3270,1265,203,47
3271,1265,247,24
3272,1265,1432,3
3273,1265,1761,33
3274,190,1624,3
3275,190,1641,3
3276,190,143,1
3277,190,389,1
3278,190,1459,1
3279,190,1162,8
3280,190,497,5
3281,190,1546,1
3282,190,323,11
3283,190,1205,1
3284,190,764,11
3285,190,1468,1
3286,190,500,2
3287,190,784,1
3288,190,389,1
3289,190,1703,7
3290,190,381,5
3291,190,1742,44
3292,190,79,4
3293,190,1793,2
3294,190,996,2
3295,190,1283,1
3296,1089,257,2
3297,1397,356,4
3298,1397,929,3
3299,1397,1662,3
3300,1397,752,4
3301,1397,1546,14
3302,1397,37,3
3303,1397,282,4
3304,1397,638,10
3305,1397,1656,3
3306,1397,138,8
3307,1397,475,2
3308,1397,431,1
3309,1397,419,12
3310,1397,1616,1
3311,1397,1529,4
3312,1397,832,1
3313,1397,1890,6
3314,1397,1567,4
3315,1397,1742,8
3316,1397,1439,4
3317,65,1546,1
3318,167,1072,2
3319,167,419,9
3320,1312,1744,2
3321,1312,1191,2
3322,1615,1162,1
3323,1615,612,1
3324,1615,1581,1
3325,423,1641,1
3326,423,918,1
3327,423,1162,2
3328,423,1469,3
3329,423,826,1
3330,423,1057,4
3331,423,1409,2
3332,423,1861,3
3333,423,1265,2
3334,423,1838,1
3335,423,475,2
3336,423,19,2
3337,423,1703,3
3338,423,927,2
3339,423,381,4
3340,423,1742,12
3341,423,658,1
3342,423,1793,1
3343,495,1742,1
3344,1579,1546,2
3345,493,912,1
3346,493,1576,1
3347,652,1072,5
3348,427,1742,1
3349,783,1827,5
3350,783,1858,1
3351,783,97,1
3352,783,1641,5
3353,783,918,20
3354,783,1662,2
3355,783,389,2
3356,783,172,1
3357,783,380,2
3358,783,1463,2
3359,783,23,1
3360,783,632,1
3361,783,90,2
3362,783,1162,23
3363,783,1540,1
3364,783,544,2
3365,783,1108,4
3366,783,1469,6
3367,783,1426,1
3368,783,1388,5
3369,783,752,2
3370,783,498,3
3371,783,1173,2
3372,783,1276,1
3373,783,1723,5
3374,783,29,1
3375,783,156,1
3376,783,1057,24
3377,783,1409,4
3378,783,1713,1
3379,783,1855,1
3380,783,1861,16
3381,783,1838,3
3382,783,475,3
3383,783,102,1
3384,783,45,2
3385,783,1850,2
3386,783,1766,16
3387,783,1331,6
3388,783,389,2
3389,783,19,1
3390,783,1357,5
3391,783,1742,28
3392,783,32,11
3393,783,1793,1
3394,783,1182,4
3395,783,203,1
3396,783,996,3
3397,783,1761,4
3398,1838,1827,15
3399,1838,1858,1
3400,1838,97,2
3401,1838,918,43
3402,1838,380,14
3403,1838,1343,1
3404,1838,1162,46
3405,1838,1515,2
3406,1838,544,7
3407,1838,1108,2
3408,1838,374,1
3409,1838,498,1
3410,1838,1276,2
3411,1838,683,1
3412,1838,1321,2
3413,1838,1090,1
3414,1838,1057,50
3415,1838,1105,1
3416,1838,1409,6
3417,1838,1713,1
3418,1838,1861,21
3419,1838,1265,6
3420,1838,783,1
3421,1838,1838,7
3422,1838,1211,3
3423,1838,475,13
3424,1838,45,1
3425,1838,1766,28
3426,1838,1331,11
3427,1838,398,3
3428,1838,990,1
3429,1838,830,1
3430,1838,19,37
3431,1838,1703,5
3432,1838,1742,63
3433,1838,32,2
3434,1838,1182,10
3435,1838,203,2
3436,1838,996,1
3437,1838,1761,8
3438,1838,1653,2
3439,1342,1546,1
3440,1500,587,3
3441,1500,257,7
3442,1500,308,3
3443,1500,822,3
3444,1500,146,8
3445,1500,1786,3
3446,1500,1546,30
3447,1500,411,3
3448,1500,638,6
3449,1500,1744,2
3450,1500,1510,3
3451,1500,796,3
3452,1500,419,6
3453,1500,1191,13
3454,1500,903,3
3455,1500,799,3
3456,1500,1683,2
3457,1500,1890,3
3458,1500,861,1
3459,1500,1181,4
3460,1500,660,6
3461,1701,419,2
3462,1701,1683,3
3463,1316,1,1
3464,1508,228,1
3465,1085,1675,1
3466,486,1546,1
3467,1137,764,1
3468,1137,475,2
3469,77,1546,1
3470,134,1072,1
3471,134,419,1
3472,134,1181,1
3473,134,660,2
3474,1585,1585,1
3475,336,1072,11
3476,336,1273,13
3477,336,1334,3
3478,336,76,6
3479,336,1492,3
3480,336,475,1
3481,336,1191,3
3482,336,507,2
3483,336,1742,1
3484,336,1581,5
3485,336,1208,2
3486,761,419,1
3487,1350,1191,1
3488,401,1273,1
3489,401,912,3
3490,401,1581,1
3491,401,1816,1
3492,972,1546,1
3493,1646,822,2
3494,1646,1744,2
3495,1646,1191,3
3496,1646,491,1
3497,1573,1273,17
3498,1573,1546,4
3499,1573,1816,9
3500,1561,288,1
3501,1561,1072,1
3502,1561,1742,1
3503,879,1816,2
3504,87,1708,1
3505,87,784,1
3506,87,1742,3
3507,399,228,1
3508,399,1546,2
3509,399,1816,6
3510,452,1546,1
3511,452,1830,6
3512,1348,1546,1
3513,1127,1127,15
3514,613,1850,2
3515,613,1742,2
3516,613,734,12
3517,138,1616,1
3518,475,1840,2
3519,475,1827,7
3520,475,1624,1
3521,475,97,1
3522,475,379,2
3523,475,279,1
3524,475,918,32
3525,475,596,2
3526,475,1662,3
3527,475,252,3
3528,475,143,1
3529,475,389,3
3530,475,1459,5
3531,475,380,2
3532,475,23,4
3533,475,1242,3
3534,475,637,2
3535,475,699,2
3536,475,1162,48
3537,475,544,10
3538,475,825,8
3539,475,901,2
3540,475,759,1
3541,475,1564,2
3542,475,304,2
3543,475,1469,3
3544,475,1640,2
3545,475,885,2
3546,475,1388,6
3547,475,752,2
3548,475,1708,6
3549,475,620,1
3550,475,937,2
3551,475,282,2
3552,475,1321,2
3553,475,1874,2
3554,475,1090,3
3555,475,764,3
3556,475,13,2
3557,475,1034,2
3558,475,1468,2
3559,475,1586,1
3560,475,156,3
3561,475,1057,23
3562,475,524,1
3563,475,84,1
3564,475,1409,16
3565,475,817,2
3566,475,170,1
3567,475,1861,23
3568,475,730,2
3569,475,1265,10
3570,475,190,2
3571,475,1397,4
3572,475,423,2
3573,475,783,7
3574,475,1838,19
3575,475,1211,9
3576,475,1137,2
3577,475,475,60
3578,475,431,3
3579,475,419,2
3580,475,45,5
3581,475,1850,3
3582,475,911,1
3583,475,1616,2
3584,475,1766,50
3585,475,1547,2
3586,475,1331,19
3587,475,1325,2
3588,475,489,1
3589,475,445,3
3590,475,558,1
3591,475,990,1
3592,475,389,3
3593,475,11,2
3594,475,583,1
3595,475,19,23
3596,475,517,2
3597,475,1703,3
3598,475,140,1
3599,475,67,1
3600,475,381,2
3601,475,430,3
3602,475,1357,2
3603,475,1146,2
3604,475,1742,165
3605,475,113,3
3606,475,1224,2
3607,475,165,1
3608,475,660,1
3609,475,22,4
3610,475,387,3
3611,475,1182,1
3612,475,203,18
3613,475,996,3
3614,475,247,2
3615,475,1761,19
3616,850,1191,1
3617,1563,1742,1
3618,1143,1581,1
3619,1330,932,1
3620,1330,1581,1
3621,1121,257,1
3622,1121,507,1
3623,1121,216,1
3624,983,1744,2
3625,431,356,2
3626,431,929,1
3627,431,1662,5
3628,431,752,3
3629,431,282,2
3630,431,1090,2
3631,431,475,1
3632,431,1616,2
3633,431,1547,3
3634,431,1331,1
3635,431,489,1
3636,431,1890,4
3637,431,381,2
3638,431,1643,2
3639,431,585,1
3640,431,1742,22
3641,1847,1,2
3642,1847,1742,3
3643,784,1624,1
3644,784,298,1
3645,784,637,2
3646,784,1519,1
3647,784,323,3
3648,784,33,1
3649,784,190,1
3650,784,87,1
3651,784,1048,1
3652,784,1742,1
3653,784,1581,2
3654,1030,228,1
3655,419,332,7
3656,419,1641,4
3657,419,459,2
3658,419,1662,1
3659,419,1407,5
3660,419,587,9
3661,419,1621,4
3662,419,1097,2
3663,419,1459,1
3664,419,1372,3
3665,419,257,8
3666,419,1162,1
3667,419,342,1
3668,419,1813,2
3669,419,912,4
3670,419,822,97
3671,419,304,10
3672,419,1469,3
3673,419,146,1
3674,419,1095,1
3675,419,1426,2
3676,419,1433,5
3677,419,542,3
3678,419,1748,8
3679,419,1300,1
3680,419,1546,92
3681,419,1106,1
3682,419,1237,1
3683,419,271,3
3684,419,1566,2
3685,419,1483,1
3686,419,13,1
3687,419,1468,11
3688,419,1369,4
3689,419,649,14
3690,419,1820,6
3691,419,192,1
3692,419,829,4
3693,419,680,1
3694,419,1103,2
3695,419,956,1
3696,419,998,1
3697,419,638,24
3698,419,1744,8
3699,419,305,1
3700,419,917,1
3701,419,454,1
3702,419,1510,3
3703,419,1397,2
3704,419,167,9
3705,419,1500,3
3706,419,1701,1
3707,419,134,1
3708,419,1191,60
3709,419,852,2
3710,419,1850,2
3711,419,799,47
3712,419,1390,1
3713,419,1683,16
3714,419,91,3
3715,419,166,1
3716,419,1171,7
3717,419,703,2
3718,419,1721,1
3719,419,910,3
3720,419,1890,15
3721,419,381,1
3722,419,507,2
3723,419,861,5
3724,419,913,3
3725,419,144,1
3726,419,992,2
3727,419,1742,1
3728,419,54,76
3729,419,780,1
3730,419,1181,29
3731,419,1651,1
3732,419,660,23
3733,419,183,2
3734,419,1785,4
3735,419,870,1
3736,419,1749,5
3737,1054,1546,1
3738,1041,419,1
3739,285,1546,1
3740,682,918,1
3741,281,1742,4
3742,768,772,1
3743,954,674,5
3744,954,1072,161
3745,954,1844,75
3746,954,1038,1
3747,954,228,5
3748,954,1569,5
3749,954,1273,156
3750,954,1645,3
3751,954,975,5
3752,954,1334,75
3753,954,76,79
3754,954,1433,5
3755,954,1546,6
3756,954,1106,69
3757,954,227,5
3758,954,1744,40
3759,954,917,5
3760,954,399,31
3761,954,419,6
3762,954,1191,6
3763,954,1289,5
3764,954,1476,12
3765,954,709,1
3766,954,910,5
3767,954,416,6
3768,954,1816,39
3769,954,1208,43
3770,1818,1072,1
3771,672,1581,1
3772,1191,1730,1
3773,1191,1001,4
3774,1191,676,9
3775,1191,1583,1
3776,1191,1039,1
3777,1191,1781,3
3778,1191,859,2
3779,1191,98,2
3780,1191,786,1
3781,1191,587,11
3782,1191,788,2
3783,1191,1059,2
3784,1191,674,6
3785,1191,1176,5
3786,1191,257,4
3787,1191,364,4
3788,1191,574,1
3789,1191,1414,1
3790,1191,34,1
3791,1191,1038,2
3792,1191,308,2
3793,1191,270,5
3794,1191,909,4
3795,1191,1732,1
3796,1191,822,69
3797,1191,146,20
3798,1191,261,3
3799,1191,1786,4
3800,1191,1433,18
3801,1191,503,5
3802,1191,120,1
3803,1191,1546,95
3804,1191,1708,7
3805,1191,1580,2
3806,1191,1119,2
3807,1191,714,1
3808,1191,227,1
3809,1191,1326,12
3810,1191,1545,2
3811,1191,393,6
3812,1191,800,5
3813,1191,1483,2
3814,1191,1034,5
3815,1191,258,3
3816,1191,619,2
3817,1191,114,6
3818,1191,649,21
3819,1191,1598,1
3820,1191,638,15
3821,1191,1096,1
3822,1191,472,2
3823,1191,1744,167
3824,1191,1510,3
3825,1191,1312,2
3826,1191,1500,10
3827,1191,1532,2
3828,1191,1350,2
3829,1191,1646,2
3830,1191,1573,1
3831,1191,850,3
3832,1191,419,132
3833,1191,1191,11
3834,1191,1423,4
3835,1191,914,10
3836,1191,799,22
3837,1191,1289,29
3838,1191,400,1
3839,1191,908,3
3840,1191,442,2
3841,1191,111,4
3842,1191,137,2
3843,1191,1628,2
3844,1191,816,1
3845,1191,839,1
3846,1191,210,2
3847,1191,610,2
3848,1191,1890,6
3849,1191,1438,1
3850,1191,1080,1
3851,1191,1140,5
3852,1191,726,1
3853,1191,1568,2
3854,1191,54,5
3855,1191,1611,1
3856,1191,1181,27
3857,1191,1352,1
3858,1191,660,26
3859,1191,1007,10
3860,1191,1424,2
3861,1191,1869,4
3862,1191,1773,2
3863,1700,638,4
3864,582,1546,1
3865,852,1072,4
3866,852,1546,9
3867,852,419,1
3868,852,1191,3
3869,852,660,2
3870,815,1581,1
3871,461,1546,1
3872,1455,257,1
3873,1767,228,2
3874,12,1662,2
3875,12,1742,3
3876,769,419,3
3877,136,257,2
3878,1876,1072,1
3879,1660,1546,1
3880,1423,1641,6
3881,1423,1621,4
3882,1423,822,2
3883,1423,304,6
3884,1423,1433,6
3885,1423,190,1
3886,1423,1191,2
3887,1423,1850,6
3888,1324,1581,1
3889,1277,1072,1
3890,1277,1546,2
3891,1277,419,1
3892,1804,646,1
3893,1850,1641,2
3894,1850,918,3
3895,1850,678,1
3896,1850,1662,4
3897,1850,1746,2
3898,1850,389,3
3899,1850,632,1
3900,1850,1162,1
3901,1850,759,1
3902,1850,304,1
3903,1850,1469,3
3904,1850,752,3
3905,1850,1546,1
3906,1850,29,2
3907,1850,1090,3
3908,1850,1830,5
3909,1850,730,3
3910,1850,783,5
3911,1850,475,1
3912,1850,431,2
3913,1850,419,1
3914,1850,1547,2
3915,1850,389,3
3916,1850,381,3
3917,1850,144,5
3918,1850,1742,20
3919,1850,734,17
3920,1850,1793,1
3921,799,1827,1
3922,799,786,1
3923,799,587,2
3924,799,1459,2
3925,799,257,9
3926,799,528,3
3927,799,912,92
3928,799,822,14
3929,799,146,21
3930,799,394,2
3931,799,1786,3
3932,799,1433,1
3933,799,752,1
3934,799,1546,53
3935,799,1708,7
3936,799,1468,8
3937,799,649,3
3938,799,411,3
3939,799,638,8
3940,799,1744,3
3941,799,1510,4
3942,799,1500,2
3943,799,419,107
3944,799,1191,20
3945,799,903,3
3946,799,799,3
3947,799,1262,2
3948,799,442,1
3949,799,1890,3
3950,799,994,1
3951,799,54,12
3952,799,1224,2
3953,799,1181,7
3954,799,242,3
3955,799,660,13
3956,799,1592,1
3957,799,1410,2
3958,1291,1546,1
3959,181,1576,1
3960,1616,380,4
3961,1616,1546,1
3962,1616,1397,1
3963,1616,431,2
3964,1616,1890,3
3965,1142,1546,1
3966,1787,912,1
3967,1787,369,1
3968,1170,1387,1
3969,1076,1546,2
3970,790,676,1
3971,1547,431,5
3972,1547,1850,1
3973,1547,1331,11
3974,1547,11,2
3975,1547,1742,20
3976,687,910,1
3977,1289,674,4
3978,1289,1062,4
3979,1289,975,4
3980,1289,1433,5
3981,1289,1546,2
3982,1289,865,1
3983,1289,730,1
3984,1289,1191,33
3985,1289,660,7
3986,1331,1624,2
3987,1331,918,74
3988,1331,586,3
3989,1331,246,2
3990,1331,1608,1
3991,1331,1662,2
3992,1331,222,5
3993,1331,172,5
3994,1331,380,6
3995,1331,1463,17
3996,1331,58,9
3997,1331,1851,1
3998,1331,90,6
3999,1331,1162,108
4000,1331,1515,1
4001,1331,544,3
4002,1331,825,1
4003,1331,1252,1
4004,1331,1435,2
4005,1331,1358,1
4006,1331,1497,2
4007,1331,474,1
4008,1331,1108,1
4009,1331,1582,1
4010,1331,723,3
4011,1331,1388,2
4012,1331,1494,1
4013,1331,295,5
4014,1331,1173,1
4015,1331,1708,11
4016,1331,812,2
4017,1331,151,2
4018,1331,1125,2
4019,1331,1468,12
4020,1331,1506,5
4021,1331,684,5
4022,1331,655,3
4023,1331,1057,84
4024,1331,1409,1
4025,1331,1713,2
4026,1331,1448,2
4027,1331,1855,1
4028,1331,1861,6
4029,1331,1265,5
4030,1331,1112,1
4031,1331,783,5
4032,1331,1838,7
4033,1331,255,3
4034,1331,475,18
4035,1331,431,1
4036,1331,1547,6
4037,1331,1770,5
4038,1331,629,2
4039,1331,830,2
4040,1331,675,1
4041,1331,11,4
4042,1331,19,13
4043,1331,1703,81
4044,1331,1293,1
4045,1331,700,1
4046,1331,529,2
4047,1331,1742,195
4048,1331,54,5
4049,1331,32,1
4050,1331,608,5
4051,1331,1182,4
4052,1331,319,1
4053,1331,484,2
4054,1331,310,1
4055,1331,1206,1
4056,1331,1653,2
4057,1331,1361,3
4058,908,1191,3
4059,564,43,1
4060,564,1108,1
4061,564,1057,16
4062,564,1195,1
4063,1667,1576,44
4064,662,1546,1
4065,924,1546,1
4066,189,1546,1
4067,442,1641,3
4068,442,786,3
4069,442,1621,2
4070,442,912,3
4071,442,304,3
4072,442,1433,4
4073,442,1546,3
4074,442,638,7
4075,442,190,1
4076,442,1191,3
4077,442,1850,3
4078,442,799,1
4079,1431,1431,1
4080,745,1742,1
4081,262,1742,1
4082,1172,1742,2
4083,666,1742,3
4084,1683,822,3
4085,1683,146,2
4086,1683,1546,13
4087,1683,1744,2
4088,1683,1500,3
4089,1683,1701,2
4090,1683,419,27
4091,1683,1191,3
4092,215,822,1
4093,1160,1742,3
4094,1557,1827,1
4095,1557,1662,1
4096,1557,1565,1
4097,1557,544,1
4098,1557,1562,1
4099,1557,1379,1
4100,1557,1742,3
4101,876,1581,1
4102,774,1064,51
4103,774,918,7
4104,774,1808,1
4105,774,23,1
4106,774,632,1
4107,774,551,2
4108,774,1162,2
4109,774,1025,1
4110,774,1469,2
4111,774,1546,3
4112,774,1363,2
4113,774,865,10
4114,774,1057,1
4115,774,1409,4
4116,774,1861,4
4117,774,774,1
4118,774,1742,3
4119,774,1061,1
4120,774,203,8
4121,774,1761,3
4122,629,1331,1
4123,629,648,1
4124,629,1742,1
4125,1789,228,1
4126,1789,1192,1
4127,1789,822,1
4128,1789,1816,1
4129,1550,918,1
4130,1550,1469,1
4131,1550,498,1
4132,1550,1173,1
4133,1550,1742,1
4134,955,1273,1
4135,1644,1742,1
4136,1139,974,1
4137,1769,1546,1
4138,1603,228,1
4139,1177,1680,1
4140,489,1386,1
4141,489,1742,1
4142,1819,419,1
4143,1819,1890,12
4144,508,1742,1
4145,1474,1581,1
4146,111,1191,2
4147,155,1581,5
4148,1588,1588,1
4149,612,1162,1
4150,612,1615,1
4151,612,612,5
4152,612,1742,2
4153,1464,1162,1
4154,1464,1581,1
4155,1201,1742,2
4156,445,356,1
4157,445,618,1
4158,445,918,3
4159,445,252,4
4160,445,1746,3
4161,445,143,1
4162,445,389,3
4163,445,1778,3
4164,445,637,4
4165,445,544,4
4166,445,1551,2
4167,445,1469,3
4168,445,1640,5
4169,445,1546,1
4170,445,1708,1
4171,445,1321,4
4172,445,1468,2
4173,445,156,4
4174,445,1531,1
4175,445,84,4
4176,445,730,3
4177,445,1397,4
4178,445,783,3
4179,445,475,5
4180,445,431,4
4181,445,1850,7
4182,445,1547,4
4183,445,558,4
4184,445,389,3
4185,445,517,4
4186,445,381,3
4187,445,1146,4
4188,445,515,4
4189,445,1742,3
4190,445,197,3
4191,445,660,4
4192,445,1605,4
4193,445,247,4
4194,445,1410,3
4195,588,912,1
4196,736,1742,1
4197,1068,1178,1
4198,1068,818,1
4199,1308,612,1
4200,1308,1308,7
4201,1636,228,1
4202,893,419,1
4203,91,419,3
4204,91,1181,1
4205,558,475,1
4206,558,558,18
4207,964,1641,1
4208,964,1796,3
4209,964,1742,1
4210,964,535,1
4211,1311,507,1
4212,1311,39,1
4213,137,1191,2
4214,702,1,1
4215,229,1546,1
4216,229,229,1
4217,1367,1581,1
4218,1763,1181,3
4219,744,704,1
4220,1310,1742,2
4221,60,977,1
4222,166,419,6
4223,1171,419,13
4224,976,1773,1
4225,449,822,1
4226,623,765,1
4227,1244,1273,2
4228,832,1397,2
4229,832,138,2
4230,832,1529,2
4231,832,1567,2
4232,832,1439,2
4233,746,228,1
4234,794,1827,1
4235,794,918,6
4236,794,323,5
4237,794,1157,1
4238,794,1861,4
4239,794,487,1
4240,794,783,2
4241,794,475,2
4242,794,1799,1
4243,794,1742,5
4244,794,1581,10
4245,1628,1191,1
4246,1722,1273,1
4247,738,1742,3
4248,703,419,9
4249,703,941,1
4250,168,507,1
4251,349,1162,1
4252,349,1265,1
4253,349,1742,3
4254,349,1581,1
4255,117,822,1
4256,1437,1546,1
4257,519,507,1
4258,1721,419,3
4259,1609,228,1
4260,1716,228,1
4261,1737,1742,1
4262,1021,1014,1
4263,685,1581,1
4264,697,1273,3
4265,830,918,3
4266,830,172,1
4267,830,1463,2
4268,830,1108,12
4269,830,374,1
4270,830,1388,3
4271,830,1276,6
4272,830,683,1
4273,830,1057,51
4274,830,669,2
4275,830,1861,4
4276,830,1265,2
4277,830,783,3
4278,830,1838,1
4279,830,584,1
4280,830,1331,3
4281,830,564,1
4282,830,1742,2
4283,830,32,7
4284,830,1182,1
4285,830,1761,1
4286,464,1546,1
4287,1346,1581,2
4288,1775,822,1
4289,420,1581,2
4290,1669,507,1
4291,1669,1816,4
4292,389,1641,2
4293,389,1662,4
4294,389,632,1
4295,389,1162,1
4296,389,1469,1
4297,389,752,2
4298,389,1708,1
4299,389,1090,1
4300,389,730,1
4301,389,783,2
4302,389,431,1
4303,389,1850,2
4304,389,381,1
4305,389,585,1
4306,389,144,1
4307,389,1742,3
4308,389,1182,2
4309,1800,1742,1
4310,1800,1581,2
4311,675,233,1
4312,821,1546,1
4313,910,822,1
4314,910,1546,2
4315,910,840,1
4316,910,419,3
4317,910,687,1
4318,760,822,1
4319,760,1859,1
4320,760,276,1
4321,579,579,10
4322,11,918,4
4323,11,1662,5
4324,11,1469,1
4325,11,1090,1
4326,11,475,2
4327,11,431,2
4328,11,1547,2
4329,11,1331,5
4330,11,1742,10
4331,1499,1072,75
4332,1499,1273,26
4333,1499,1551,2
4334,1499,146,2
4335,1499,76,4
4336,1499,1642,2
4337,1499,1546,1
4338,1499,649,1
4339,1499,531,6
4340,1499,475,4
4341,1499,419,1
4342,1499,1191,1
4343,1499,534,1
4344,1499,1890,2
4345,1499,507,5
4346,1499,1742,6
4347,1499,660,1
4348,505,822,2
4349,562,190,1
4350,562,1703,1
4351,562,1742,1
4352,610,1191,1
4353,1890,1641,4
4354,1890,587,3
4355,1890,822,10
4356,1890,304,1
4357,1890,146,7
4358,1890,1546,18
4359,1890,227,1
4360,1890,1321,2
4361,1890,649,2
4362,1890,638,1
4363,1890,1397,3
4364,1890,138,1
4365,1890,419,29
4366,1890,1191,4
4367,1890,799,1
4368,1890,1616,1
4369,1890,1819,20
4370,1890,54,10
4371,1890,1181,5
4372,1890,660,3
4373,1890,1319,1
4374,749,1546,1
4375,1602,1581,8
4376,1147,1546,1
4377,56,912,2
4378,583,918,2
4379,583,1162,2
4380,583,475,2
4381,583,140,2
4382,583,1742,2
4383,787,1546,1
4384,1743,1581,2
4385,1333,419,1
4386,127,1742,3
4387,878,822,9
4388,240,1273,1
4389,950,1546,1
4390,327,1546,1
4391,1734,1581,2
4392,297,1546,1
4393,1243,228,1
4394,75,1581,3
4395,600,228,2
4396,1703,1827,6
4397,1703,97,4
4398,1703,1641,1
4399,1703,918,12
4400,1703,143,3
4401,1703,1459,1
4402,1703,1601,1
4403,1703,637,1
4404,1703,1376,2
4405,1703,1162,41
4406,1703,497,1
4407,1703,544,2
4408,1703,1708,7
4409,1703,1225,3
4410,1703,323,11
4411,1703,1205,1
4412,1703,764,1
4413,1703,1468,15
4414,1703,1506,2
4415,1703,1409,1
4416,1703,1184,1
4417,1703,500,1
4418,1703,1265,1
4419,1703,190,8
4420,1703,423,4
4421,1703,1838,2
4422,1703,1102,2
4423,1703,475,4
4424,1703,1766,4
4425,1703,1331,37
4426,1703,1742,64
4427,1703,1627,3
4428,1703,1224,1
4429,1703,533,2
4430,1703,88,1
4431,1703,203,1
4432,1703,1206,1
4433,1703,1761,2
4434,1391,1,1
4435,1391,1391,8
4436,1058,228,2
4437,1128,1742,1
4438,1359,1742,1
4439,1315,1742,1
4440,377,257,1
4441,927,1469,1
4442,927,423,1
4443,927,1742,2
4444,244,1072,22
4445,1461,1858,1
4446,1461,86,1
4447,1461,611,1
4448,1461,43,1
4449,1461,544,2
4450,1461,1108,14
4451,1461,374,1
4452,1461,1388,1
4453,1461,1276,13
4454,1461,1057,39
4455,1461,669,1
4456,1461,1265,2
4457,1461,1182,1
4458,1461,1145,3
4459,1461,1761,2
4460,140,731,1
4461,140,1157,1
4462,140,475,1
4463,140,1742,1
4464,140,1581,2
4465,392,228,4
4466,1200,544,1
4467,1200,1581,1
4468,995,923,4
4469,995,1005,1
4470,995,952,1
4471,995,1636,2
4472,2,822,1
4473,1405,1273,2
4474,1405,507,1
4475,67,1742,1
4476,1293,1546,5
4477,1293,1293,5
4478,381,1827,1
4479,381,1641,9
4480,381,918,5
4481,381,1662,3
4482,381,1860,2
4483,381,1122,1
4484,381,1162,6
4485,381,544,5
4486,381,185,2
4487,381,1759,1
4488,381,1640,2
4489,381,1546,1
4490,381,620,1
4491,381,282,1
4492,381,764,10
4493,381,1468,1
4494,381,500,2
4495,381,390,2
4496,381,190,4
4497,381,423,4
4498,381,538,1
4499,381,475,2
4500,381,431,1
4501,381,419,2
4502,381,381,5
4503,381,1643,5
4504,381,112,1
4505,381,144,2
4506,381,1742,38
4507,381,1355,8
4508,381,79,3
4509,381,335,5
4510,381,1182,3
4511,381,996,1
4512,381,1591,2
4513,381,1773,1
4514,739,1546,9
4515,1116,1546,1
4516,536,1101,1
4517,1887,507,4
4518,507,1408,1
4519,507,737,1
4520,507,1709,1
4521,507,419,2
4522,507,1512,1
4523,507,565,1
4524,507,890,1
4525,664,457,1
4526,664,1,14
4527,664,1742,1
4528,837,1546,1
4529,733,1273,1
4530,306,228,4
4531,306,507,2
4532,306,1576,1
4533,480,480,4
4534,941,419,5
4535,810,507,2
4536,1643,1827,3
4537,1643,1641,2
4538,1643,918,3
4539,1643,1662,3
4540,1643,1162,1
4541,1643,544,1
4542,1643,29,7
4543,1643,282,2
4544,1643,843,1
4545,1643,1468,1
4546,1643,84,1
4547,1643,500,1
4548,1643,1265,1
4549,1643,475,1
4550,1643,431,3
4551,1643,381,5
4552,1643,1643,4
4553,1643,20,1
4554,1643,1742,8
4555,180,1546,1
4556,260,1742,1
4557,1140,1387,2
4558,1140,1744,1
4559,1140,1191,1
4560,1729,1072,2
4561,700,539,1
4562,700,323,1
4563,700,1331,1
4564,700,1742,4
4565,585,929,1
4566,585,431,1
4567,627,1387,2
4568,627,822,1
4569,627,1816,1
4570,214,1162,2
4571,214,212,6
4572,214,1742,15
4573,1648,1742,2
4574,62,1546,1
4575,1568,1191,2
4576,1568,1556,1
4577,1245,1546,1
4578,173,1072,1
4579,173,1816,1
4580,1517,1546,1
4581,115,912,3
4582,115,1726,1
4583,861,1748,1
4584,861,419,6
4585,318,544,1
4586,318,683,1
4587,318,1057,7
4588,318,1861,1
4589,318,1838,1
4590,1261,432,2
4591,665,1273,1
4592,178,212,1
4593,789,1546,1
4594,1612,1072,1
4595,1612,1546,4
4596,1612,419,2
4597,1074,228,1
4598,913,419,2
4599,1392,1331,1
4600,1392,1742,8
4601,1392,1779,8
4602,1365,228,1
4603,566,507,1
4604,992,419,3
4605,1373,1273,2
4606,1344,1742,2
4607,321,1742,3
4608,1309,764,1
4609,1203,1843,1
4610,1631,1072,23
4611,1357,1766,1
4612,597,507,2
4613,1549,1546,2
4614,572,380,1
4615,572,1742,2
4616,1742,867,3
4617,1742,161,1
4618,1742,1840,1
4619,1742,1827,86
4620,1742,1826,1
4621,1742,263,13
4622,1742,1442,1
4623,1742,1380,1
4624,1742,1384,6
4625,1742,1110,3
4626,1742,1624,36
4627,1742,288,5
4628,1742,97,4
4629,1742,1064,2
4630,1742,1641,74
4631,1742,641,1
4632,1742,882,1
4633,1742,379,1
4634,1742,358,2
4635,1742,918,197
4636,1742,586,1
4637,1742,1045,1
4638,1742,53,7
4639,1742,298,1
4640,1742,678,7
4641,1742,622,1
4642,1742,814,1
4643,1742,246,1
4644,1742,1251,2
4645,1742,1362,1
4646,1742,435,2
4647,1742,1662,12
4648,1742,1746,2
4649,1742,143,6
4650,1742,389,3
4651,1742,149,2
4652,1742,1313,2
4653,1742,894,5
4654,1742,1459,5
4655,1742,595,1
4656,1742,1778,6
4657,1742,1381,3
4658,1742,380,30
4659,1742,1463,3
4660,1742,1523,1
4661,1742,1411,2
4662,1742,417,1
4663,1742,1601,2
4664,1742,725,1
4665,1742,313,1
4666,1742,1062,3
4667,1742,951,2
4668,1742,23,2
4669,1742,1113,3
4670,1742,979,2
4671,1742,1565,7
4672,1742,1294,1
4673,1742,632,1
4674,1742,1851,3
4675,1742,509,6
4676,1742,637,5
4677,1742,428,1
4678,1742,90,1
4679,1742,1122,5
4680,1742,1376,3
4681,1742,1386,1
4682,1742,1162,345
4683,1742,497,7
4684,1742,26,2
4685,1742,1220,1
4686,1742,352,3
4687,1742,21,1
4688,1742,1558,2
4689,1742,544,59
4690,1742,825,1
4691,1742,1221,3
4692,1742,1865,1
4693,1742,1252,1
4694,1742,1042,1
4695,1742,624,1
4696,1742,1358,1
4697,1742,1497,1
4698,1742,185,2
4699,1742,855,2
4700,1742,383,1
4701,1742,609,5
4702,1742,1564,1
4703,1742,304,23
4704,1742,1079,4
4705,1742,1017,1
4706,1742,1759,1
4707,1742,1469,26
4708,1742,539,3
4709,1742,154,3
4710,1742,73,1
4711,1742,1440,1
4712,1742,233,1
4713,1742,343,1
4714,1742,573,3
4715,1742,1393,1
4716,1742,1426,2
4717,1742,1640,5
4718,1742,1371,1
4719,1742,1796,5
4720,1742,1433,6
4721,1742,1677,1
4722,1742,885,1
4723,1742,1388,5
4724,1742,767,18
4725,1742,863,2
4726,1742,1104,1
4727,1742,752,5
4728,1742,498,10
4729,1742,1173,13
4730,1742,516,1
4731,1742,198,5
4732,1742,1302,1
4733,1742,1006,1
4734,1742,71,1
4735,1742,1546,5
4736,1742,1708,37
4737,1742,1047,1
4738,1742,620,3
4739,1742,1539,2
4740,1742,831,1
4741,1742,1723,1
4742,1742,1684,2
4743,1742,323,86
4744,1742,808,1
4745,1742,590,2
4746,1742,425,1
4747,1742,29,14
4748,1742,804,2
4749,1742,372,2
4750,1742,1370,1
4751,1742,843,1
4752,1742,1189,3
4753,1742,1678,1
4754,1742,847,1
4755,1742,1321,1
4756,1742,871,1
4757,1742,634,3
4758,1742,1524,1
4759,1742,1874,1
4760,1742,219,1
4761,1742,1090,2
4762,1742,33,1
4763,1742,639,1
4764,1742,764,54
4765,1742,476,4
4766,1742,13,1
4767,1742,1034,4
4768,1742,1125,1
4769,1742,1468,74
4770,1742,1003,2
4771,1742,1586,1
4772,1742,1449,2
4773,1742,1875,1
4774,1742,1053,1
4775,1742,642,1
4776,1742,1506,3
4777,1742,691,6
4778,1742,1791,1
4779,1742,865,2
4780,1742,1136,1
4781,1742,1057,41
4782,1742,1105,1
4783,1742,239,2
4784,1742,857,3
4785,1742,524,1
4786,1742,650,2
4787,1742,1246,1
4788,1742,84,4
4789,1742,1409,25
4790,1742,1713,1
4791,1742,681,1
4792,1742,1453,1
4793,1742,1375,1
4794,1742,1448,1
4795,1742,1717,1
4796,1742,355,2
4797,1742,1861,64
4798,1742,510,2
4799,1742,553,1
4800,1742,730,1
4801,1742,500,9
4802,1742,1258,1
4803,1742,390,3
4804,1742,797,2
4805,1742,1265,21
4806,1742,190,70
4807,1742,1397,5
4808,1742,1615,4
4809,1742,423,14
4810,1742,538,4
4811,1742,783,27
4812,1742,1838,33
4813,1742,1211,7
4814,1742,1561,2
4815,1742,87,1
4816,1742,1190,1
4817,1742,613,2
4818,1742,475,80
4819,1742,431,14
4820,1742,1847,1
4821,1742,784,7
4822,1742,419,2
4823,1742,677,1
4824,1742,281,4
4825,1742,1180,1
4826,1742,815,1
4827,1742,12,1
4828,1742,45,4
4829,1742,1850,34
4830,1742,766,1
4831,1742,339,9
4832,1742,1766,48
4833,1742,1547,10
4834,1742,1331,140
4835,1742,1770,1
4836,1742,1172,2
4837,1742,666,1
4838,1742,1160,1
4839,1742,671,1
4840,1742,1557,6
4841,1742,774,5
4842,1742,1699,3
4843,1742,489,3
4844,1742,1474,1
4845,1742,612,2
4846,1742,1464,1
4847,1742,1201,3
4848,1742,445,2
4849,1742,736,1
4850,1742,670,1
4851,1742,794,4
4852,1742,823,1
4853,1742,349,3
4854,1742,1737,1
4855,1742,1066,1
4856,1742,389,3
4857,1742,1800,1
4858,1742,11,7
4859,1742,1664,1
4860,1742,562,3
4861,1742,1554,1
4862,1742,19,17
4863,1742,127,1
4864,1742,408,3
4865,1742,481,1
4866,1742,520,1
4867,1742,1703,85
4868,1742,1359,1
4869,1742,1315,1
4870,1742,927,1
4871,1742,545,1
4872,1742,67,1
4873,1742,381,43
4874,1742,664,1
4875,1742,751,1
4876,1742,1643,4
4877,1742,938,4
4878,1742,700,3
4879,1742,214,14
4880,1742,176,3
4881,1742,467,2
4882,1742,1648,1
4883,1742,833,1
4884,1742,1650,1
4885,1742,112,3
4886,1742,1048,1
4887,1742,1297,2
4888,1742,1392,3
4889,1742,144,14
4890,1742,1430,2
4891,1742,321,3
4892,1742,1357,1
4893,1742,1259,1
4894,1742,572,2
4895,1742,1742,149
4896,1742,933,1
4897,1742,197,1
4898,1742,32,1
4899,1742,1627,1
4900,1742,1224,10
4901,1742,1355,2
4902,1742,1236,2
4903,1742,165,4
4904,1742,311,1
4905,1742,79,10
4906,1742,791,1
4907,1742,658,1
4908,1742,141,1
4909,1742,533,1
4910,1742,1712,2
4911,1742,447,1
4912,1742,1091,2
4913,1742,9,1
4914,1742,22,4
4915,1742,335,7
4916,1742,1688,9
4917,1742,1793,1
4918,1742,1182,36
4919,1742,410,1
4920,1742,319,11
4921,1742,756,2
4922,1742,577,2
4923,1742,203,11
4924,1742,274,2
4925,1742,1427,1
4926,1742,1605,1
4927,1742,866,1
4928,1742,1012,2
4929,1742,484,9
4930,1742,1425,1
4931,1742,147,2
4932,1742,996,1
4933,1742,406,1
4934,1742,1589,3
4935,1742,645,3
4936,1742,984,1
4937,1742,1432,2
4938,1742,1761,6
4939,1742,896,1
4940,1742,502,1
4941,1742,1410,2
4942,1742,317,2
4943,1742,1485,2
4944,1742,118,1
4945,1742,1773,6
4946,1742,175,4
4947,1742,1283,1
4948,460,1581,1
4949,1611,1760,1
4950,1611,1866,1
4951,1611,49,1
4952,1611,694,1
4953,1611,1744,1
4954,1611,1191,1
4955,704,1707,3
4956,704,446,3
4957,704,744,3
4958,704,507,3
4959,704,1028,2
4960,1114,1546,1
4961,1086,1483,3
4962,1086,1744,3
4963,1086,1816,1
4964,895,1581,2
4965,32,1858,1
4966,32,1463,7
4967,32,1343,1
4968,32,23,1
4969,32,1162,2
4970,32,1108,12
4971,32,374,1
4972,32,862,1
4973,32,1276,1
4974,32,1723,1
4975,32,683,1
4976,32,1057,97
4977,32,1105,2
4978,32,1855,2
4979,32,1861,3
4980,32,783,7
4981,32,1838,1
4982,32,584,2
4983,32,1766,5
4984,32,564,2
4985,32,830,3
4986,32,1742,1
4987,32,203,1
4988,32,1653,1
4989,1272,1191,3
4990,1272,1816,1
4991,113,1546,2
4992,113,113,2
4993,1224,1827,3
4994,1224,918,2
4995,1224,1662,9
4996,1224,1162,8
4997,1224,1806,1
4998,1224,1546,12
4999,1224,1708,1
5000,1224,1468,6
5001,1224,1710,3
5002,1224,84,9
5003,1224,1397,9
5004,1224,431,9
5005,1224,1766,1
5006,1224,1331,1
5007,1224,1703,4
5008,1224,292,9
5009,1224,1742,20
5010,1224,1224,1
5011,1224,203,1
5012,780,419,1
5013,1181,332,2
5014,1181,80,1
5015,1181,1641,3
5016,1181,676,9
5017,1181,1314,1
5018,1181,803,1
5019,1181,587,6
5020,1181,1621,2
5021,1181,942,1
5022,1181,257,2
5023,1181,35,1
5024,1181,342,2
5025,1181,822,7
5026,1181,304,3
5027,1181,1290,1
5028,1181,146,9
5029,1181,1426,1
5030,1181,1433,7
5031,1181,1584,1
5032,1181,1546,63
5033,1181,271,1
5034,1181,1468,2
5035,1181,649,6
5036,1181,192,1
5037,1181,1103,1
5038,1181,638,11
5039,1181,1117,1
5040,1181,1207,1
5041,1181,1510,2
5042,1181,1500,2
5043,1181,419,59
5044,1181,954,1
5045,1181,1191,18
5046,1181,1423,2
5047,1181,1850,3
5048,1181,799,4
5049,1181,442,1
5050,1181,91,2
5051,1181,1763,2
5052,1181,1890,10
5053,1181,1502,1
5054,1181,54,24
5055,1181,1181,15
5056,1181,660,3
5057,1181,1174,1
5058,1181,1655,1
5059,1181,183,2
5060,1181,617,1
5061,1181,1749,2
5062,1181,1773,1
5063,1779,1641,1
5064,1779,918,1
5065,1779,348,2
5066,1779,1162,2
5067,1779,1118,2
5068,1779,323,3
5069,1779,425,1
5070,1779,14,3
5071,1779,1468,1
5072,1779,1279,1
5073,1779,190,2
5074,1779,1850,1
5075,1779,1392,6
5076,1779,1742,11
5077,1779,1182,1
5078,1352,1191,1
5079,371,419,1
5080,1651,419,8
5081,1651,660,3
5082,906,1072,19
5083,906,1273,4
5084,906,507,24
5085,79,1641,4
5086,79,1860,1
5087,79,1162,3
5088,79,323,5
5089,79,14,1
5090,79,764,4
5091,79,190,2
5092,79,1703,1
5093,79,1742,11
5094,79,1446,8
5095,79,1581,1
5096,78,1576,1
5097,1470,1546,2
5098,1260,1072,1
5099,1260,1735,1
5100,1260,649,1
5101,1260,399,1
5102,1260,419,2
5103,266,1581,1
5104,660,676,1
5105,660,587,3
5106,660,143,1
5107,660,754,5
5108,660,819,5
5109,660,257,1
5110,660,822,4
5111,660,1546,10
5112,660,1368,5
5113,660,1468,2
5114,660,258,5
5115,660,1820,1
5116,660,192,11
5117,660,1744,1
5118,660,1510,1
5119,660,1500,1
5120,660,134,5
5121,660,419,32
5122,660,1191,9
5123,660,852,1
5124,660,799,2
5125,660,1683,2
5126,660,910,2
5127,660,1890,1
5128,660,1181,1
5129,660,1651,6
5130,660,183,9
5131,660,272,7
5132,660,1773,6
5133,362,1273,2
5134,1620,1546,3
5135,1161,1072,2
5136,1213,1273,1
5137,1751,1581,1
5138,1305,822,1
5139,141,764,1
5140,141,1742,1
5141,141,792,1
5142,254,254,6
5143,864,1581,1
5144,1753,1273,1
5145,958,1546,1
5146,1712,1162,2
5147,1712,1742,2
5148,447,1742,1
5149,447,1581,1
5150,1195,86,4
5151,1195,1727,1
5152,1195,43,6
5153,1195,544,1
5154,1195,1108,8
5155,1195,374,5
5156,1195,1276,2
5157,1195,1057,36
5158,1195,669,1
5159,1195,1861,2
5160,1195,783,1
5161,1195,1331,2
5162,1195,564,2
5163,1195,1742,2
5164,1195,1195,16
5165,1195,1182,2
5166,1195,1145,2
5167,522,1101,1
5168,1526,822,1
5169,1007,1744,6
5170,1007,1191,4
5171,753,257,1
5172,753,753,1
5173,41,525,1
5174,1024,1742,4
5175,1610,108,25
5176,9,1742,1
5177,1889,1273,1
5178,935,1072,1
5179,935,1816,1
5180,1416,1581,1
5181,560,1816,4
5182,22,918,1
5183,22,1540,1
5184,22,29,4
5185,22,764,1
5186,22,681,2
5187,22,475,2
5188,22,398,5
5189,22,489,1
5190,22,1742,3
5191,22,1182,4
5192,22,1432,1
5193,494,507,2
5194,335,1641,1
5195,335,1162,1
5196,335,475,1
5197,335,419,1
5198,335,381,1
5199,335,1742,2
5200,335,1355,4
5201,387,1459,2
5202,387,475,3
5203,1738,1,4
5204,1738,1738,5
5205,1793,1641,1
5206,1793,497,2
5207,1793,1057,1
5208,1793,190,5
5209,1793,423,1
5210,1793,1742,2
5211,1182,1827,27
5212,1182,1858,1
5213,1182,1624,8
5214,1182,929,2
5215,1182,918,48
5216,1182,380,7
5217,1182,1162,44
5218,1182,544,1
5219,1182,1108,4
5220,1182,374,1
5221,1182,1388,1
5222,1182,752,2
5223,1182,498,1
5224,1182,1173,1
5225,1182,1276,2
5226,1182,683,1
5227,1182,764,7
5228,1182,1468,2
5229,1182,1057,151
5230,1182,1409,3
5231,1182,681,1
5232,1182,669,1
5233,1182,1861,13
5234,1182,783,1
5235,1182,1838,5
5236,1182,1211,2
5237,1182,475,9
5238,1182,45,2
5239,1182,1766,12
5240,1182,1331,6
5241,1182,489,1
5242,1182,830,1
5243,1182,19,14
5244,1182,1461,3
5245,1182,381,2
5246,1182,1643,1
5247,1182,1742,63
5248,1182,32,2
5249,1182,1355,4
5250,1182,1195,1
5251,1182,269,2
5252,1182,22,4
5253,1182,319,1
5254,1182,203,1
5255,1182,1761,5
5256,410,764,1
5257,410,1742,3
5258,396,419,2
5259,256,1057,1
5260,963,963,1
5261,1682,1273,2
5262,432,1546,2
5263,432,72,1
5264,432,1261,1
5265,432,1268,1
5266,432,1773,2
5267,925,257,1
5268,925,507,1
5269,925,1050,1
5270,1797,1576,3
5271,320,1581,30
5272,756,1742,3
5273,690,1641,2
5274,299,1576,1
5275,299,1816,1
5276,577,1641,11
5277,577,918,2
5278,577,678,3
5279,577,1162,5
5280,577,304,3
5281,577,323,3
5282,577,1468,1
5283,577,190,4
5284,577,783,2
5285,577,419,2
5286,577,1850,6
5287,577,774,1
5288,577,964,2
5289,577,381,1
5290,577,1742,17
5291,1040,1433,1
5292,1040,1546,2
5293,1235,1,1
5294,1366,1157,1
5295,1366,398,1
5296,835,1742,2
5297,1758,1742,1
5298,1548,912,1
5299,203,1827,13
5300,203,1064,27
5301,203,918,23
5302,203,1808,7
5303,203,380,1
5304,203,1727,1
5305,203,1162,24
5306,203,544,7
5307,203,374,1
5308,203,498,1
5309,203,1173,1
5310,203,1723,2
5311,203,865,2
5312,203,1057,15
5313,203,1409,2
5314,203,1861,19
5315,203,1265,5
5316,203,783,2
5317,203,1838,5
5318,203,475,6
5319,203,1850,1
5320,203,1766,71
5321,203,1331,1
5322,203,1347,2
5323,203,774,20
5324,203,1703,3
5325,203,144,1
5326,203,1742,17
5327,203,165,1
5328,203,1182,4
5329,274,918,2
5330,274,1742,2
5331,274,1182,2
5332,1452,1581,1
5333,1288,1288,4
5334,919,228,2
5335,919,822,2
5336,1427,1331,1
5337,1427,1742,2
5338,1209,1546,1
5339,16,912,6
5340,1605,1641,3
5341,1605,1662,3
5342,1605,389,1
5343,1605,1034,1
5344,1605,1468,1
5345,1605,783,1
5346,1605,1838,1
5347,1605,431,2
5348,1605,1850,3
5349,1605,389,1
5350,1605,1297,1
5351,1605,1742,4
5352,980,228,1
5353,1270,1581,28
5354,866,1742,1
5355,1012,1619,1
5356,1012,1581,2
5357,484,1577,2
5358,484,553,1
5359,484,475,2
5360,484,1331,4
5361,484,1742,12
5362,484,1361,1
5363,48,1178,1
5364,48,1544,1
5365,1465,1817,15
5366,1274,1546,1
5367,1425,323,1
5368,1817,1817,55
5369,147,1742,2
5370,57,1816,1
5371,1846,1072,7
5372,1069,228,1
5373,1281,419,11
5374,491,822,1
5375,491,1744,2
5376,247,247,52
5377,169,419,1
5378,722,419,1
5379,722,416,1
5380,1471,228,2
5381,324,419,1
5382,1389,1581,1
5383,1581,1827,7
5384,1581,263,2
5385,1581,1384,2
5386,1581,97,1
5387,1581,1641,6
5388,1581,918,10
5389,1581,678,2
5390,1581,1251,1
5391,1581,1662,1
5392,1581,280,1
5393,1581,380,2
5394,1581,1634,1
5395,1581,348,6
5396,1581,1162,17
5397,1581,424,1
5398,1581,497,1
5399,1581,1194,2
5400,1581,544,4
5401,1581,304,1
5402,1581,1469,5
5403,1581,1796,1
5404,1581,767,2
5405,1581,1150,2
5406,1581,323,1
5407,1581,14,1
5408,1581,764,2
5409,1581,1468,1
5410,1581,1562,1
5411,1581,84,1
5412,1581,1861,7
5413,1581,510,2
5414,1581,978,3
5415,1581,500,2
5416,1581,1265,3
5417,1581,190,4
5418,1581,423,1
5419,1581,783,2
5420,1581,1838,3
5421,1581,475,7
5422,1581,431,1
5423,1581,45,1
5424,1581,1850,1
5425,1581,127,1
5426,1581,926,1
5427,1581,1703,3
5428,1581,381,3
5429,1581,334,4
5430,1581,1643,1
5431,1581,214,1
5432,1581,1344,1
5433,1581,1792,1
5434,1581,79,1
5435,1581,335,1
5436,1581,577,1
5437,1581,484,1
5438,1581,1589,1
5439,1581,1794,1
5440,1785,1407,1
5441,1785,1072,6
5442,1785,419,1
5443,1520,1273,54
5444,406,1742,1
5445,128,638,1
5446,1589,1162,2
5447,1589,1742,1
5448,1589,1581,2
5449,1050,257,1
5450,1145,1057,16
5451,402,1546,1
5452,1107,1273,1
5453,1107,1749,1
5454,414,1546,1
5455,456,1546,2
5456,781,228,1
5457,781,799,1
5458,121,1581,1
5459,647,228,1
5460,870,338,1
5461,1807,649,1
5462,541,1162,2
5463,1591,419,1
5464,1591,381,1
5465,1591,1446,1
5466,101,1057,2
5467,272,1546,2
5468,272,419,4
5469,272,1683,2
5470,272,660,5
5471,1761,1827,2
5472,1761,86,1
5473,1761,1064,6
5474,1761,918,19
5475,1761,380,2
5476,1761,1162,13
5477,1761,544,6
5478,1761,1108,2
5479,1761,1388,1
5480,1761,498,1
5481,1761,1874,1
5482,1761,865,1
5483,1761,1057,138
5484,1761,1409,4
5485,1761,1713,1
5486,1761,1855,1
5487,1761,1861,11
5488,1761,1265,1
5489,1761,783,10
5490,1761,1838,9
5491,1761,475,5
5492,1761,1766,48
5493,1761,1331,1
5494,1761,774,7
5495,1761,1742,6
5496,1761,32,1
5497,1761,1182,2
5498,465,1072,1
5499,1653,86,2
5500,1653,918,1
5501,1653,1727,2
5502,1653,611,6
5503,1653,43,1
5504,1653,544,1
5505,1653,1108,11
5506,1653,374,1
5507,1653,1388,3
5508,1653,1057,38
5509,1653,1105,3
5510,1653,423,1
5511,1653,1838,4
5512,1653,1331,5
5513,1653,1742,1
5514,1653,32,2
5515,1653,1182,3
5516,1653,1145,1
5517,1653,1761,2
5518,1257,1546,1
5519,1223,228,1
5520,1185,1072,1
5521,1185,1273,1
5522,1185,419,2
5523,409,257,3
5524,409,1301,1
5525,409,1510,1
5526,896,1675,1
5527,896,1742,1
5528,501,1162,1
5529,501,1742,1
5530,391,822,8
5531,502,1742,3
5532,805,1581,1
5533,1630,1273,1
5534,856,1742,1
5535,27,228,1
5536,27,1546,2
5537,1234,1072,1
5538,1726,912,6
5539,1749,587,2
5540,1749,1273,2
5541,1749,1546,45
5542,1749,1034,2
5543,1749,1103,2
5544,1749,638,1
5545,1749,419,16
5546,1749,1181,2
5547,1749,1319,1
5548,1424,503,1
5549,1424,1191,2
5550,1649,363,1
5551,1649,1388,1
5552,1649,731,1
5553,463,1072,31
5554,463,228,103
5555,463,822,1
5556,463,507,30
5557,463,1576,21
5558,463,1581,30
5559,463,1816,29
5560,1666,822,1
5561,1666,1555,1
5562,1485,1742,2
5563,643,1576,1
5564,1256,1546,1
5565,792,764,1
5566,792,141,1
5567,1872,1816,4
5568,1869,822,1
5569,1869,1744,4
5570,1869,419,1
5571,1869,1191,7
5572,555,555,2
5573,552,1816,2
5574,1165,1641,1
5575,1165,1662,1
5576,1165,207,1
5577,1165,345,1
5578,1165,1742,1
5579,1067,257,4
5580,444,1773,3
5581,1773,676,2
5582,1773,395,1
5583,1773,1033,1
5584,1773,230,4
5585,1773,1098,4
5586,1773,1317,4
5587,1773,359,4
5588,1773,1072,11
5589,1773,228,9
5590,1773,1387,2
5591,1773,1273,11
5592,1773,936,1
5593,1773,912,9
5594,1773,822,28
5595,1773,304,8
5596,1773,809,2
5597,1773,235,3
5598,1773,1433,2
5599,1773,1546,32
5600,1773,132,1
5601,1773,1029,1
5602,1773,956,2
5603,1773,1780,2
5604,1773,1744,1
5605,1773,531,3
5606,1773,419,1
5607,1773,1191,3
5608,1773,1285,1
5609,1773,1476,7
5610,1773,1261,1
5611,1773,1742,10
5612,1773,432,5
5613,1773,416,1
5614,1773,1208,11
5615,1773,1268,1
5616,1773,366,1
5617,1773,1773,5
5618,1167,1072,1
5619,1167,228,1
5620,631,631,1
5621,1250,1877,3
5622,1250,973,1
5623,1250,301,1
5624,993,228,1
5625,1857,125,1
5626,1857,822,8
5627,1263,1581,1
5628,1070,1072,21
5629,422,1581,1
